:020000040000fa
:080000000002040000000000f2
:020000040000fa
:0400340000060100c1
:020000040000fa
:0400380000050100be
:020000040000fa
:0400540000010100a6
:020000040000fa
:0400580000020100a1
:020000040000fa
:04007800000401007f
:020000040000fa
:0400ac00000301004c
:020000040000fa
:100400003600fa000e2eef00042eef000080eb0005
:1004100000708800f0002000507088000c2eef0063
:100420001e2eef00142eef000080eb00807088007d
:1004300030002000d07088001c2eef001156800084
:1004400080ff2f00008060001056880010022000fe
:10045000403a8800100b2000303a8800213a800092
:1004600000fe2f00008060003000b300203a8800ba
:10047000213a8000f0f32f0000806000203a8800cd
:100480000000eb00000f78000b0037000000eb00cd
:1004900010079800030037001e0090000000e800dd
:1004a000100798009e009000f0032000808f5000fd
:1004b000f9ff36001e0fe8001e0078000000e00083
:1004c000f2ff3d0010708000ef006000907080002f
:1004d000630060004400dd0001007000400f9800e0
:1004e0000a2eef00ce08900000032000808f5000fd
:1004f000230c3a00f0fb2f0080708800142eef00d0
:1005000050022000203688002134800000f02f00a7
:10051000008060000000a000203488002188a9002d
:100520002168a9000188a9000168a9002142800072
:10053000f0ff28000080600000c0a000204288007a
:100540003142800080ff2f00008060000000a0008a
:10055000304288002022ef002222ef00601a2000a3
:100560004011880021e2a8002342a8005004200086
:100570002011880010002000200798002800370074
:100580000000eb00300798001e0037003000240008
:10059000403988003e0090004a00dd005039880054
:1005a0002e0090006039880011468000510f98009d
:1005b000c3e8a90000000000000000005005200072
:1005c00070398800a00a20007039880029e7a80047
:1005d0000000000000000000000000004139800021
:1005e00000002800008060000000e000fbff3a00ef
:1005f000de089000114688003e0090000000e800f0
:1006000030079800be009000f0032000808f50005b
:10061000deff36002e0090000000e8002007980062
:100620002e009000e40f5000d5ff3400200520007c
:10063000201188000040eb00404f980010c0b3002c
:10064000504f9800b50b37000000000010118000db
:10065000610060000000e000fcff3200301180000b
:10066000405f9800ce589000a0c3b30080cf5000e8
:10067000aa0b3a0000000000101180006100600029
:100680000000e000fcff32003011800000407800e4
:1006900040679800000000001011800061006000b9
:1006a0000000e000fcff32003011800000407800c4
:1006b00050679800ce60900000c4b30080cf500017
:1006c0000a003600ce60900060c4b30080cf5000b6
:1006d00006003e00ce60900090ccb30000c0400009
:1006e0004400dd00804078001c003700ce609000a0
:1006f00000c6b30080cf500009003600ce609000e5
:1007000060c6b30080cf500005003e00ce60900070
:1007100090cab30000c040004400dd000e00370066
:10072000ce609000f0c2b30080cf500009003600c8
:10073000ce60900090c3b30080cf500005003e0013
:10074000ce60900000cdb30000c040004400dd004a
:10075000010037000040eb00804078005e619000af
:1007600000c4b300804f5100080036005e61900065
:1007700060c4b300804f510004003e005e619000f1
:1007800090ccb30000404100190037005e6190003a
:1007900000c6b300804f5100080036005e61900033
:1007a00060c6b300804f510004003e005e619000bf
:1007b00090cab300004041000d0037005e61900018
:1007c000f0c2b300804f5100080036005e61900017
:1007d00090c3b300804f510004003e005e61900062
:1007e00000cdb30000404100010037000040eb00a5
:1007f00000c07000505f98005e5890000004e00058
:100800004308320000000000101180006100600009
:100810000000e000fcff3200301180000040780052
:100820004067980000000000101180006100600027
:100830000000e000fcff3200301180000040780032
:1008400050679800ce60900000c4b30080cf500085
:100850000a003600ce60900060c4b30080cf500024
:1008600006003e00ce60900090ccb30000c0400077
:100870004400dd008080fb001e003700ce60900049
:1008800000c6b30080cf50000a003600ce60900052
:1008900060c6b30080cf500006003e00ce609000de
:1008a00090cab30000c040004400dd000080fb009f
:1008b0000f003700ce609000f0c2b30080cf500030
:1008c0000a003600ce60900090c3b30080cf500085
:1008d00006003e00ce60900000cdb30000c0400096
:1008e0004400dd000080fb00010037000000eb0049
:1008f000800078005e61900000c4b300804f51001a
:10090000090036005e61900060c4b300804f510062
:1009100005003e005e61900090ccb30000404100b5
:100920000080fb001b0037005e61900000c6b30032
:10093000804f5100090036005e61900060c6b30030
:10094000804f510005003e005e61900090cab300e8
:10095000004041000080fb000e0037005e61900007
:10096000f0c2b300804f5100090036005e61900074
:1009700090c3b300804f510005003e005e619000bf
:1009800000cdb300004041000080fb0001003700b3
:100990000000eb00010070004800dd00700f9800bf
:1009a0000000000010118000610060000000e00005
:1009b000fcff320030118000004078004067980052
:1009c0000000000010118000610060000000e000e5
:1009d000fcff320030118000004078005067980022
:1009e000ce60900000c4b30080cf50000a003600f3
:1009f000ce60900060c4b30080cf500006003e007f
:100a0000ce60900090ccb30000c040004400dd00f8
:100a10008080fb001e003700ce60900000c6b3004f
:100a200080cf50000a003600ce60900060c6b30050
:100a300080cf500006003e00ce60900090cab30008
:100a400000c040004400dd000080fb000f003700c4
:100a5000ce609000f0c2b30080cf50000a00360094
:100a6000ce60900090c3b30080cf500006003e00df
:100a7000ce60900000cdb30000c040004400dd0017
:100a80000080fb00010037000000eb0080007800d0
:100a90005e61900000c4b300804f51000900360031
:100aa0005e61900060c4b300804f510005003e00bd
:100ab0005e61900090ccb300004041000080fb00dc
:100ac0001b0037005e61900000c6b300804f5100ec
:100ad000090036005e61900060c6b300804f51008f
:100ae00005003e005e61900090cab30000404100e6
:100af0000080fb000e0037005e619000f0c2b30082
:100b0000804f5100090036005e61900090c3b30031
:100b1000804f510005003e005e61900000cdb300a3
:100b2000004041000080fb00010037000000eb00a6
:100b300001007000fe08900000804000700f9800d7
:100b40000000000010118000610060000000e00063
:100b5000fcff3200301180000040780040679800b0
:100b60000000000010118000610060000000e00043
:100b7000fcff320030118000004078005067980080
:100b8000ce60900000c4b30080cf50000a00360051
:100b9000ce60900060c4b30080cf500006003e00dd
:100ba000ce60900090ccb30000c040004400dd0057
:100bb000804078001c003700ce60900000c6b30073
:100bc00080cf500009003600ce60900060c6b300b0
:100bd00080cf500005003e00ce60900090cab30068
:100be00000c040004400dd000e003700ce609000e1
:100bf000f0c2b30080cf500009003600ce609000f4
:100c000090c3b30080cf500005003e00ce6090003e
:100c100000cdb30000c040004400dd0001003700fb
:100c20000040eb00804078005e61900000c4b3009b
:100c3000804f5100080036005e61900060c4b30030
:100c4000804f510004003e005e61900090ccb300e4
:100c500000404100190037005e61900000c6b300fb
:100c6000804f5100080036005e61900060c6b300fe
:100c7000804f510004003e005e61900090cab300b6
:100c8000004041000d0037005e619000f0c2b300eb
:100c9000804f5100080036005e61900090c3b300a1
:100ca000804f510004003e005e61900000cdb30013
:100cb00000404100010037000040eb0000c0700020
:100cc000006798000e6090000004e0002b033a00db
:100cd0004e4890000004e00002003a00fe08900038
:100ce000510798000000eb00700798000b033700d5
:100cf0000000000010118000610060000000e000b2
:100d0000fcff32004e4890000080fb003111800053
:100d1000814078006002b000017778004e48900072
:100d20000040e800404f98004e489000ef4f5000c0
:100d3000f70236004e0090000000d1000000e000f5
:100d4000ea0232004e0090000000d100e40f500093
:100d5000e6023e001000240040398800a00f200069
:100d6000a00288005e0090000000d1005039880089
:100d70004e0090000000d100603988008e6890001d
:100d800000c4b30080cf50000a0036008e68900087
:100d900060c4b30080cf500006003e008e68900013
:100da00090ccb30000c040004400dd008080fb0018
:100db0001e0037008e68900000c6b30080cf500040
:100dc0000a0036008e68900060c6b30080cf5000e5
:100dd00006003e008e68900090cab30000c040003c
:100de0004400dd000080fb000f0037008e6890009b
:100df000f0c2b30080cf50000a0036008e68900029
:100e000090c3b30080cf500006003e008e68900073
:100e100000cdb30000c040004400dd000080fb00b6
:100e2000010037000000eb00800078001e69900090
:100e300000c4b300804f5100090036001e699000c5
:100e400060c4b300804f510005003e001e69900051
:100e500090ccb300004041000080fb001b00370035
:100e60001e69900000c6b300804f51000900360093
:100e70001e69900060c6b300804f510005003e001f
:100e80001e69900090cab300004041000080fb0042
:100e90000e0037001e699000f0c2b300804f510071
:100ea000090036001e69900090c3b300804f5100c6
:100eb00005003e001e69900000cdb30000404100d7
:100ec0000080fb00010037000000eb000100700013
:100ed0004800dd0010179800ee60900000c4b300d9
:100ee00080cf50000a003600ee60900060c4b3006e
:100ef00080cf500006003e00ee60900090ccb30022
:100f000000c040004400dd008080fb001e00370070
:100f1000ee60900000c6b30080cf50000a0036009b
:100f2000ee60900060c6b30080cf500006003e0027
:100f3000ee60900090cab30000c040004400dd00a5
:100f40000080fb000f003700ee609000f0c2b3009d
:100f500080cf50000a003600ee60900090c3b300ce
:100f600080cf500006003e00ee60900000cdb30040
:100f700000c040004400dd000080fb00010037009d
:100f80000000eb00800078007e61900000c4b30098
:100f9000804f5100090036007e61900060c4b300ac
:100fa000804f510005003e007e61900090ccb30060
:100fb000004041000080fb001b0037007e61900074
:100fc00000c6b300804f5100090036007e619000da
:100fd00060c6b300804f510005003e007e61900066
:100fe00090cab300004041000080fb000e003700b3
:100ff0007e619000f0c2b300804f510009003600be
:101000007e61900090c3b300804f510005003e0008
:101010007e61900000cdb300004041000080fb00e5
:10102000010037000000eb00010070009e109000ee
:1010300000804000101798000000eb009e10900008
:101040000108bb00ce68900000c4b30080cf500000
:101050000a003600ce68900060c4b30080cf500014
:1010600006003e00ce68900090ccb30000c0400067
:101070004400dd008080fb001e003700ce68900039
:1010800000c6b30080cf50000a003600ce68900042
:1010900060c6b30080cf500006003e00ce689000ce
:1010a00090cab30000c040004400dd000080fb0097
:1010b0000f003700ce689000f0c2b30080cf500020
:1010c0000a003600ce68900090c3b30080cf500075
:1010d00006003e00ce68900000cdb30000c0400086
:1010e0004400dd000080fb00010037000000eb0041
:1010f000800078005e69900000c4b300804f51000a
:10110000090036005e69900060c4b300804f510052
:1011100005003e005e69900090ccb30000404100a5
:101120000080fb001b0037005e69900000c6b30022
:10113000804f5100090036005e69900060c6b30020
:10114000804f510005003e005e69900090cab300d8
:10115000004041000080fb000e0037005e699000f7
:10116000f0c2b300804f5100090036005e69900064
:1011700090c3b300804f510005003e005e699000af
:1011800000cdb300004041000080fb0001003700ab
:101190000000eb00010070004800dd00101798000f
:1011a000ae68900000c4b30080cf50000a00360043
:1011b000ae68900060c4b30080cf500006003e00cf
:1011c000ae68900090ccb30000c040004400dd0049
:1011d0008080fb001e003700ae68900000c6b300a0
:1011e00080cf50000a003600ae68900060c6b300a1
:1011f00080cf500006003e00ae68900090cab30059
:1012000000c040004400dd000080fb000f003700fc
:10121000ae689000f0c2b30080cf50000a003600e4
:10122000ae68900090c3b30080cf500006003e002f
:10123000ae68900000cdb30000c040004400dd0067
:101240000080fb00010037000000eb008000780008
:101250003e69900000c4b300804f51000900360081
:101260003e69900060c4b300804f510005003e000d
:101270003e69900090ccb300004041000080fb002c
:101280001b0037003e69900000c6b300804f51003c
:10129000090036003e69900060c6b300804f5100df
:1012a00005003e003e69900090cab3000040410036
:1012b0000080fb000e0037003e699000f0c2b300d2
:1012c000804f5100090036003e69900090c3b30082
:1012d000804f510005003e003e69900000cdb300f4
:1012e000004041000080fb00010037000000eb00df
:1012f000010070009e1090000080400010179800c0
:101300000000eb009e1090000188bb008e709000e2
:1013100000c4b30080cf50000a0036008e709000e9
:1013200060c4b30080cf500006003e008e70900075
:1013300090ccb30000c040004400dd008080fb0082
:101340001e0037008e70900000c6b30080cf5000a2
:101350000a0036008e70900060c6b30080cf500047
:1013600006003e008e70900090cab30000c040009e
:101370004400dd000080fb000f0037008e709000fd
:10138000f0c2b30080cf50000a0036008e7090008b
:1013900090c3b30080cf500006003e008e709000d6
:1013a00000cdb30000c040004400dd000080fb0021
:1013b000010037000000eb00800078001e719000f3
:1013c00000c4b300804f5100090036001e71900028
:1013d00060c4b300804f510005003e001e719000b4
:1013e00090ccb300004041000080fb001b003700a0
:1013f0001e71900000c6b300804f510009003600f6
:101400001e71900060c6b300804f510005003e0081
:101410001e71900090cab300004041000080fb00a4
:101420000e0037001e719000f0c2b300804f5100d3
:10143000090036001e71900090c3b300804f510028
:1014400005003e001e71900000cdb3000040410039
:101450000080fb00010037000000eb00010070007d
:101460004800dd0010179800ee68900000c4b3003b
:1014700080cf50000a003600ee68900060c4b300d0
:1014800080cf500006003e00ee68900090ccb30084
:1014900000c040004400dd008080fb001e003700db
:1014a000ee68900000c6b30080cf50000a003600fe
:1014b000ee68900060c6b30080cf500006003e008a
:1014c000ee68900090cab30000c040004400dd0008
:1014d0000080fb000f003700ee689000f0c2b30000
:1014e00080cf50000a003600ee68900090c3b30031
:1014f00080cf500006003e00ee68900000cdb300a3
:1015000000c040004400dd000080fb000100370007
:101510000000eb00800078007e69900000c4b300fa
:10152000804f5100090036007e69900060c4b3000e
:10153000804f510005003e007e69900090ccb300c2
:10154000004041000080fb001b0037007e699000d6
:1015500000c6b300804f5100090036007e6990003c
:1015600060c6b300804f510005003e007e699000c8
:1015700090cab300004041000080fb000e0037001d
:101580007e699000f0c2b300804f51000900360020
:101590007e69900090c3b300804f510005003e006b
:1015a0007e69900000cdb300004041000080fb0048
:1015b000010037000000eb00010070009e10900059
:1015c0000080400010179800200020009e1090001e
:1015d0000108bb00ce70900000c4b30080cf500063
:1015e0000a003600ce70900060c4b30080cf500077
:1015f00006003e00ce70900090ccb30000c04000ca
:101600004400dd008080fb001e003700ce7090009b
:1016100000c6b30080cf50000a003600ce709000a4
:1016200060c6b30080cf500006003e00ce70900030
:1016300090cab30000c040004400dd000080fb0001
:101640000f003700ce709000f0c2b30080cf500082
:101650000a003600ce70900090c3b30080cf5000d7
:1016600006003e00ce70900000cdb30000c04000e8
:101670004400dd000080fb00010037000000eb00ab
:10168000800078005e71900000c4b300804f51006c
:10169000090036005e71900060c4b300804f5100b5
:1016a00005003e005e71900090ccb3000040410008
:1016b0000080fb001b0037005e71900000c6b30085
:1016c000804f5100090036005e71900060c6b30083
:1016d000804f510005003e005e71900090cab3003b
:1016e000004041000080fb000e0037005e7190005a
:1016f000f0c2b300804f5100090036005e719000c7
:1017000090c3b300804f510005003e005e71900011
:1017100000cdb300004041000080fb000100370015
:101720000000eb00010070004800dd001017980079
:10173000ae70900000c4b30080cf50000a003600a5
:10174000ae70900060c4b30080cf500006003e0031
:10175000ae70900090ccb30000c040004400dd00ab
:101760008080fb001e003700ae70900000c6b30002
:1017700080cf50000a003600ae70900060c6b30003
:1017800080cf500006003e00ae70900090cab300bb
:1017900000c040004400dd000080fb000f00370067
:1017a000ae709000f0c2b30080cf50000a00360047
:1017b000ae70900090c3b30080cf500006003e0092
:1017c000ae70900000cdb30000c040004400dd00ca
:1017d0000080fb00010037000000eb008000780073
:1017e0003e71900000c4b300804f510009003600e4
:1017f0003e71900060c4b300804f510005003e0070
:101800003e71900090ccb300004041000080fb008e
:101810001b0037003e71900000c6b300804f51009e
:10182000090036003e71900060c6b300804f510041
:1018300005003e003e71900090cab3000040410098
:101840000080fb000e0037003e719000f0c2b30034
:10185000804f5100090036003e71900090c3b300e4
:10186000804f510005003e003e71900000cdb30056
:10187000004041000080fb00010037000000eb0049
:10188000010070009e10900000804000101798002a
:10189000200020009e1090000188bb0011468000af
:1018a000510f9800c3e8a9000000000000000000ec
:1018b0005005200070398800a00a20007039880087
:1018c00029e7a80000000000000000000000000060
:1018d0004139800000002800008060000000e00026
:1018e000fbff3a00de089000114688000040eb0044
:1018f000404f98007e0090000080d100800078006a
:101900007e089000008040000000e800500798002a
:101910007e0090000000e800700798005e5890007c
:101920000080fb0000004000800078007e009000f6
:10193000808f5000eefc3c00000000001011800081
:10194000610060000000e000fcff32003011800008
:1019500000407800406798000000000010118000ef
:10196000610060000000e000fcff320030118000e8
:101970000040780050679800e80637000e6090003d
:10198000e44f5000e5063a004e4890000004e000a5
:10199000ff0232004e4890000080fb00000f9800cc
:1019a000070037000e0890006002b00061c4b30069
:1019b000017778000e0890000000e800000f980002
:1019c0000e089000ef0f5000f6ff34004e0090001c
:1019d0000000d1000000e000ea0232004e0090005a
:1019e0000000d100e40f5000e6023e001000240089
:1019f00040398800a00f2000a00288005e009000ff
:101a00000000d100503988004e0090000000d10045
:101a1000603988008e68900000c4b30080cf500009
:101a20000a0036008e68900060c4b30080cf50007a
:101a300006003e008e68900090ccb30000c04000cd
:101a40004400dd008080fb001e0037008e6890009f
:101a500000c6b30080cf50000a0036008e689000a8
:101a600060c6b30080cf500006003e008e68900034
:101a700090cab30000c040004400dd000080fb00bd
:101a80000f0037008e689000f0c2b30080cf500086
:101a90000a0036008e68900090c3b30080cf5000db
:101aa00006003e008e68900000cdb30000c04000ec
:101ab0004400dd000080fb00010037000000eb0067
:101ac000800078001e69900000c4b300804f510070
:101ad000090036001e69900060c4b300804f5100b9
:101ae00005003e001e69900090ccb300004041000c
:101af0000080fb001b0037001e69900000c6b30089
:101b0000804f5100090036001e69900060c6b30086
:101b1000804f510005003e001e69900090cab3003e
:101b2000004041000080fb000e0037001e6990005d
:101b3000f0c2b300804f5100090036001e699000ca
:101b400090c3b300804f510005003e001e69900015
:101b500000cdb300004041000080fb0001003700d1
:101b60000000eb00010070004800dd001017980035
:101b7000ee60900000c4b30080cf50000a00360031
:101b8000ee60900060c4b30080cf500006003e00bd
:101b9000ee60900090ccb30000c040004400dd0037
:101ba0008080fb001e003700ee60900000c6b3008e
:101bb00080cf50000a003600ee60900060c6b3008f
:101bc00080cf500006003e00ee60900090cab30047
:101bd00000c040004400dd000080fb000f00370023
:101be000ee609000f0c2b30080cf50000a003600d3
:101bf000ee60900090c3b30080cf500006003e001e
:101c0000ee60900000cdb30000c040004400dd0055
:101c10000080fb00010037000000eb00800078002e
:101c20007e61900000c4b300804f5100090036006f
:101c30007e61900060c4b300804f510005003e00fb
:101c40007e61900090ccb300004041000080fb001a
:101c50001b0037007e61900000c6b300804f51002a
:101c6000090036007e61900060c6b300804f5100cd
:101c700005003e007e61900090cab3000040410024
:101c80000080fb000e0037007e619000f0c2b300c0
:101c9000804f5100090036007e61900090c3b30070
:101ca000804f510005003e007e61900000cdb300e2
:101cb000004041000080fb00010037000000eb0005
:101cc000010070009e1090000080400010179800e6
:101cd0000000eb009e1090000108bb00ce68900051
:101ce00000c4b30080cf50000a003600ce689000d8
:101cf00060c4b30080cf500006003e00ce68900064
:101d000090ccb30000c040004400dd008080fb00a8
:101d10001e003700ce68900000c6b30080cf500090
:101d20000a003600ce68900060c6b30080cf500035
:101d300006003e00ce68900090cab30000c040008c
:101d40004400dd000080fb000f003700ce689000eb
:101d5000f0c2b30080cf50000a003600ce68900079
:101d600090c3b30080cf500006003e00ce689000c4
:101d700000cdb30000c040004400dd000080fb0047
:101d8000010037000000eb00800078005e699000e1
:101d900000c4b300804f5100090036005e69900016
:101da00060c4b300804f510005003e005e699000a2
:101db00090ccb300004041000080fb001b003700c6
:101dc0005e69900000c6b300804f510009003600e4
:101dd0005e69900060c6b300804f510005003e0070
:101de0005e69900090cab300004041000080fb0093
:101df0000e0037005e699000f0c2b300804f5100c2
:101e0000090036005e69900090c3b300804f510016
:101e100005003e005e69900000cdb3000040410027
:101e20000080fb00010037000000eb0001007000a3
:101e30004800dd0010179800ae68900000c4b300a1
:101e400080cf50000a003600ae68900060c4b30036
:101e500080cf500006003e00ae68900090ccb300ea
:101e600000c040004400dd008080fb001e00370001
:101e7000ae68900000c6b30080cf50000a00360064
:101e8000ae68900060c6b30080cf500006003e00f0
:101e9000ae68900090cab30000c040004400dd006e
:101ea0000080fb000f003700ae689000f0c2b30066
:101eb00080cf50000a003600ae68900090c3b30097
:101ec00080cf500006003e00ae68900000cdb30009
:101ed00000c040004400dd000080fb00010037002e
:101ee0000000eb00800078003e69900000c4b30061
:101ef000804f5100090036003e69900060c4b30075
:101f0000804f510005003e003e69900090ccb30028
:101f1000004041000080fb001b0037003e6990003c
:101f200000c6b300804f5100090036003e699000a2
:101f300060c6b300804f510005003e003e6990002e
:101f400090cab300004041000080fb000e00370043
:101f50003e699000f0c2b300804f51000900360086
:101f60003e69900090c3b300804f510005003e00d1
:101f70003e69900000cdb300004041000080fb00ae
:101f8000010037000000eb00010070009e1090007f
:101f900000804000101798000000eb009e10900099
:101fa0000188bb008e70900000c4b30080cf500049
:101fb0000a0036008e70900060c4b30080cf5000dd
:101fc00006003e008e70900090ccb30000c0400030
:101fd0004400dd008080fb001e0037008e70900002
:101fe00000c6b30080cf50000a0036008e7090000b
:101ff00060c6b30080cf500006003e008e70900097
:1020000090cab30000c040004400dd000080fb0027
:102010000f0037008e709000f0c2b30080cf5000e8
:102020000a0036008e70900090c3b30080cf50003d
:1020300006003e008e70900000cdb30000c040004e
:102040004400dd000080fb00010037000000eb00d1
:10205000800078001e71900000c4b300804f5100d2
:10206000090036001e71900060c4b300804f51001b
:1020700005003e001e71900090ccb300004041006e
:102080000080fb001b0037001e71900000c6b300eb
:10209000804f5100090036001e71900060c6b300e9
:1020a000804f510005003e001e71900090cab300a1
:1020b000004041000080fb000e0037001e719000c0
:1020c000f0c2b300804f5100090036001e7190002d
:1020d00090c3b300804f510005003e001e71900078
:1020e00000cdb300004041000080fb00010037003c
:1020f0000000eb00010070004800dd0010179800a0
:10210000ee68900000c4b30080cf50000a00360093
:10211000ee68900060c4b30080cf500006003e001f
:10212000ee68900090ccb30000c040004400dd0099
:102130008080fb001e003700ee68900000c6b300f0
:1021400080cf50000a003600ee68900060c6b300f1
:1021500080cf500006003e00ee68900090cab300a9
:1021600000c040004400dd000080fb000f0037008d
:10217000ee689000f0c2b30080cf50000a00360035
:10218000ee68900090c3b30080cf500006003e0080
:10219000ee68900000cdb30000c040004400dd00b8
:1021a0000080fb00010037000000eb008000780099
:1021b0007e69900000c4b300804f510009003600d2
:1021c0007e69900060c4b300804f510005003e005e
:1021d0007e69900090ccb300004041000080fb007d
:1021e0001b0037007e69900000c6b300804f51008d
:1021f000090036007e69900060c6b300804f510030
:1022000005003e007e69900090cab3000040410086
:102210000080fb000e0037007e699000f0c2b30022
:10222000804f5100090036007e69900090c3b300d2
:10223000804f510005003e007e69900000cdb30044
:10224000004041000080fb00010037000000eb006f
:10225000010070009e109000008040001017980050
:10226000200020009e1090000108bb00ce7090005e
:1022700000c4b30080cf50000a003600ce7090003a
:1022800060c4b30080cf500006003e00ce709000c6
:1022900090ccb30000c040004400dd008080fb0013
:1022a0001e003700ce70900000c6b30080cf5000f3
:1022b0000a003600ce70900060c6b30080cf500098
:1022c00006003e00ce70900090cab30000c04000ef
:1022d0004400dd000080fb000f003700ce7090004e
:1022e000f0c2b30080cf50000a003600ce709000dc
:1022f00090c3b30080cf500006003e00ce70900027
:1023000000cdb30000c040004400dd000080fb00b1
:10231000010037000000eb00800078005e71900043
:1023200000c4b300804f5100090036005e71900078
:1023300060c4b300804f510005003e005e71900004
:1023400090ccb300004041000080fb001b00370030
:102350005e71900000c6b300804f51000900360046
:102360005e71900060c6b300804f510005003e00d2
:102370005e71900090cab300004041000080fb00f5
:102380000e0037005e719000f0c2b300804f510024
:10239000090036005e71900090c3b300804f510079
:1023a00005003e005e71900000cdb300004041008a
:1023b0000080fb00010037000000eb00010070000e
:1023c0004800dd0010179800ae70900000c4b30004
:1023d00080cf50000a003600ae70900060c4b30099
:1023e00080cf500006003e00ae70900090ccb3004d
:1023f00000c040004400dd008080fb001e0037006c
:10240000ae70900000c6b30080cf50000a003600c6
:10241000ae70900060c6b30080cf500006003e0052
:10242000ae70900090cab30000c040004400dd00d0
:102430000080fb000f003700ae709000f0c2b300c8
:1024400080cf50000a003600ae70900090c3b300f9
:1024500080cf500006003e00ae70900000cdb3006b
:1024600000c040004400dd000080fb000100370098
:102470000000eb00800078003e71900000c4b300c3
:10248000804f5100090036003e71900060c4b300d7
:10249000804f510005003e003e71900090ccb3008b
:1024a000004041000080fb001b0037003e7190009f
:1024b00000c6b300804f5100090036003e71900005
:1024c00060c6b300804f510005003e003e71900091
:1024d00090cab300004041000080fb000e003700ae
:1024e0003e719000f0c2b300804f510009003600e9
:1024f0003e71900090c3b300804f510005003e0034
:102500003e71900000cdb300004041000080fb0010
:10251000010037000000eb00010070009e109000e9
:102520000080400010179800200020009e109000ae
:102530000188bb0011468000510f9800c3e8a90034
:1025400000000000000000005005200070398800e5
:10255000a00a20007039880029e7a80000000000c8
:102560000000000000000000413980000000280049
:10257000008060000000e000fbff3a00de089000f1
:10258000114688000040eb00404f980001003700e2
:102590000000000010118000610060000000e000f9
:1025a000fcff320030118000004078004067980046
:1025b0000000000010118000610060000000e000d9
:1025c000fcff320030118000004078005067980016
:1025d000ce60900000c4b30080cf50000a003600e7
:1025e000ce60900060c4b30080cf500006003e0073
:1025f000ce60900090ccb30000c040004400dd00ed
:102600008080fb001e003700ce60900000c6b30043
:1026100080cf50000a003600ce60900060c6b30044
:1026200080cf500006003e00ce60900090cab300fc
:1026300000c040004400dd000080fb000f003700b8
:10264000ce609000f0c2b30080cf50000a00360088
:10265000ce60900090c3b30080cf500006003e00d3
:10266000ce60900000cdb30000c040004400dd000b
:102670000080fb00010037000000eb0080007800c4
:102680005e61900000c4b300804f51000900360025
:102690005e61900060c4b300804f510005003e00b1
:1026a0005e61900090ccb300004041000080fb00d0
:1026b0001b0037005e61900000c6b300804f5100e0
:1026c000090036005e61900060c6b300804f510083
:1026d00005003e005e61900090cab30000404100da
:1026e0000080fb000e0037005e619000f0c2b30076
:1026f000804f5100090036005e61900090c3b30026
:10270000804f510005003e005e61900000cdb30097
:10271000004041000080fb00010037000000eb009a
:10272000010070004800dd00400798000000000034
:1027300010118000610060000000e000fcff32002a
:1027400030118000004078004067980000000000d1
:1027500010118000610060000000e000fcff32000a
:10276000301180000040780050679800ce609000e3
:1027700000c4b30080cf50000a003600ce60900045
:1027800060c4b30080cf500006003e00ce609000d1
:1027900090ccb30000c040004400dd008080fb000e
:1027a0001e003700ce60900000c6b30080cf5000fe
:1027b0000a003600ce60900060c6b30080cf5000a3
:1027c00006003e00ce60900090cab30000c04000fa
:1027d0004400dd000080fb000f003700ce60900059
:1027e000f0c2b30080cf50000a003600ce609000e7
:1027f00090c3b30080cf500006003e00ce60900032
:1028000000cdb30000c040004400dd000080fb00ac
:10281000010037000000eb00800078005e6190004e
:1028200000c4b300804f5100090036005e61900083
:1028300060c4b300804f510005003e005e6190000f
:1028400090ccb300004041000080fb001b0037002b
:102850005e61900000c6b300804f51000900360051
:102860005e61900060c6b300804f510005003e00dd
:102870005e61900090cab300004041000080fb0000
:102880000e0037005e619000f0c2b300804f51002f
:10289000090036005e61900090c3b300804f510084
:1028a00005003e005e61900000cdb3000040410095
:1028b0000080fb00010037000000eb000100700009
:1028c000ce0090000080400040079800000000000b
:1028d00010118000610060000000e000fcff320089
:1028e0003011800000407800406798000000000030
:1028f00010118000610060000000e000fcff320069
:1029000030118000004078005067980003033700c2
:102910000040eb00504f98004e4890000004e0004b
:10292000fe0232004e4890000080fb00100f98001d
:10293000070037001e0890006002b00061c4b300b9
:10294000017778001e0890000000e800100f980042
:102950001e089000ef0f5000f6ff34004e0090006c
:102960000000d1000000e000ea0232004e009000ba
:102970000000d100e40f5000e6023e0010002400e9
:1029800040398800a00f2000a00288005e0090005f
:102990000000d100503988004e0090000000d100a6
:1029a000603988008e68900000c4b30080cf50006a
:1029b0000a0036008e68900060c4b30080cf5000db
:1029c00006003e008e68900090ccb30000c040002e
:1029d0004400dd008080fb001e0037008e68900000
:1029e00000c6b30080cf50000a0036008e68900009
:1029f00060c6b30080cf500006003e008e68900095
:102a000090cab30000c040004400dd000080fb001d
:102a10000f0037008e689000f0c2b30080cf5000e6
:102a20000a0036008e68900090c3b30080cf50003b
:102a300006003e008e68900000cdb30000c040004c
:102a40004400dd000080fb00010037000000eb00c7
:102a5000800078001e69900000c4b300804f5100d0
:102a6000090036001e69900060c4b300804f510019
:102a700005003e001e69900090ccb300004041006c
:102a80000080fb001b0037001e69900000c6b300e9
:102a9000804f5100090036001e69900060c6b300e7
:102aa000804f510005003e001e69900090cab3009f
:102ab000004041000080fb000e0037001e699000be
:102ac000f0c2b300804f5100090036001e6990002b
:102ad00090c3b300804f510005003e001e69900076
:102ae00000cdb300004041000080fb000100370032
:102af0000000eb00010070004800dd001017980096
:102b0000ee60900000c4b30080cf50000a00360091
:102b1000ee60900060c4b30080cf500006003e001d
:102b2000ee60900090ccb30000c040004400dd0097
:102b30008080fb001e003700ee60900000c6b300ee
:102b400080cf50000a003600ee60900060c6b300ef
:102b500080cf500006003e00ee60900090cab300a7
:102b600000c040004400dd000080fb000f00370083
:102b7000ee609000f0c2b30080cf50000a00360033
:102b8000ee60900090c3b30080cf500006003e007e
:102b9000ee60900000cdb30000c040004400dd00b6
:102ba0000080fb00010037000000eb00800078008f
:102bb0007e61900000c4b300804f510009003600d0
:102bc0007e61900060c4b300804f510005003e005c
:102bd0007e61900090ccb300004041000080fb007b
:102be0001b0037007e61900000c6b300804f51008b
:102bf000090036007e61900060c6b300804f51002e
:102c000005003e007e61900090cab3000040410084
:102c10000080fb000e0037007e619000f0c2b30020
:102c2000804f5100090036007e61900090c3b300d0
:102c3000804f510005003e007e61900000cdb30042
:102c4000004041000080fb00010037000000eb0065
:102c5000010070009e109000008040001017980046
:102c60000000eb009e1090000108bb00ce689000b1
:102c700000c4b30080cf50000a003600ce68900038
:102c800060c4b30080cf500006003e00ce689000c4
:102c900090ccb30000c040004400dd008080fb0009
:102ca0001e003700ce68900000c6b30080cf5000f1
:102cb0000a003600ce68900060c6b30080cf500096
:102cc00006003e00ce68900090cab30000c04000ed
:102cd0004400dd000080fb000f003700ce6890004c
:102ce000f0c2b30080cf50000a003600ce689000da
:102cf00090c3b30080cf500006003e00ce68900025
:102d000000cdb30000c040004400dd000080fb00a7
:102d1000010037000000eb00800078005e69900041
:102d200000c4b300804f5100090036005e69900076
:102d300060c4b300804f510005003e005e69900002
:102d400090ccb300004041000080fb001b00370026
:102d50005e69900000c6b300804f51000900360044
:102d60005e69900060c6b300804f510005003e00d0
:102d70005e69900090cab300004041000080fb00f3
:102d80000e0037005e699000f0c2b300804f510022
:102d9000090036005e69900090c3b300804f510077
:102da00005003e005e69900000cdb3000040410088
:102db0000080fb00010037000000eb000100700004
:102dc0004800dd0010179800ae68900000c4b30002
:102dd00080cf50000a003600ae68900060c4b30097
:102de00080cf500006003e00ae68900090ccb3004b
:102df00000c040004400dd008080fb001e00370062
:102e0000ae68900000c6b30080cf50000a003600c4
:102e1000ae68900060c6b30080cf500006003e0050
:102e2000ae68900090cab30000c040004400dd00ce
:102e30000080fb000f003700ae689000f0c2b300c6
:102e400080cf50000a003600ae68900090c3b300f7
:102e500080cf500006003e00ae68900000cdb30069
:102e600000c040004400dd000080fb00010037008e
:102e70000000eb00800078003e69900000c4b300c1
:102e8000804f5100090036003e69900060c4b300d5
:102e9000804f510005003e003e69900090ccb30089
:102ea000004041000080fb001b0037003e6990009d
:102eb00000c6b300804f5100090036003e69900003
:102ec00060c6b300804f510005003e003e6990008f
:102ed00090cab300004041000080fb000e003700a4
:102ee0003e699000f0c2b300804f510009003600e7
:102ef0003e69900090c3b300804f510005003e0032
:102f00003e69900000cdb300004041000080fb000e
:102f1000010037000000eb00010070009e109000df
:102f200000804000101798000000eb009e109000f9
:102f30000188bb008e70900000c4b30080cf5000a9
:102f40000a0036008e70900060c4b30080cf50003d
:102f500006003e008e70900090ccb30000c0400090
:102f60004400dd008080fb001e0037008e70900062
:102f700000c6b30080cf50000a0036008e7090006b
:102f800060c6b30080cf500006003e008e709000f7
:102f900090cab30000c040004400dd000080fb0088
:102fa0000f0037008e709000f0c2b30080cf500049
:102fb0000a0036008e70900090c3b30080cf50009e
:102fc00006003e008e70900000cdb30000c04000af
:102fd0004400dd000080fb00010037000000eb0032
:102fe000800078001e71900000c4b300804f510033
:102ff000090036001e71900060c4b300804f51007c
:1030000005003e001e71900090ccb30000404100ce
:103010000080fb001b0037001e71900000c6b3004b
:10302000804f5100090036001e71900060c6b30049
:10303000804f510005003e001e71900090cab30001
:10304000004041000080fb000e0037001e71900020
:10305000f0c2b300804f5100090036001e7190008d
:1030600090c3b300804f510005003e001e719000d8
:1030700000cdb300004041000080fb00010037009c
:103080000000eb00010070004800dd001017980000
:10309000ee68900000c4b30080cf50000a003600f4
:1030a000ee68900060c4b30080cf500006003e0080
:1030b000ee68900090ccb30000c040004400dd00fa
:1030c0008080fb001e003700ee68900000c6b30051
:1030d00080cf50000a003600ee68900060c6b30052
:1030e00080cf500006003e00ee68900090cab3000a
:1030f00000c040004400dd000080fb000f003700ee
:10310000ee689000f0c2b30080cf50000a00360095
:10311000ee68900090c3b30080cf500006003e00e0
:10312000ee68900000cdb30000c040004400dd0018
:103130000080fb00010037000000eb0080007800f9
:103140007e69900000c4b300804f51000900360032
:103150007e69900060c4b300804f510005003e00be
:103160007e69900090ccb300004041000080fb00dd
:103170001b0037007e69900000c6b300804f5100ed
:10318000090036007e69900060c6b300804f510090
:1031900005003e007e69900090cab30000404100e7
:1031a0000080fb000e0037007e699000f0c2b30083
:1031b000804f5100090036007e69900090c3b30033
:1031c000804f510005003e007e69900000cdb300a5
:1031d000004041000080fb00010037000000eb00d0
:1031e000010070009e1090000080400010179800b1
:1031f000200020009e1090000108bb00ce709000bf
:1032000000c4b30080cf50000a003600ce7090009a
:1032100060c4b30080cf500006003e00ce70900026
:1032200090ccb30000c040004400dd008080fb0073
:103230001e003700ce70900000c6b30080cf500053
:103240000a003600ce70900060c6b30080cf5000f8
:1032500006003e00ce70900090cab30000c040004f
:103260004400dd000080fb000f003700ce709000ae
:10327000f0c2b30080cf50000a003600ce7090003c
:1032800090c3b30080cf500006003e00ce70900087
:1032900000cdb30000c040004400dd000080fb0012
:1032a000010037000000eb00800078005e719000a4
:1032b00000c4b300804f5100090036005e719000d9
:1032c00060c4b300804f510005003e005e71900065
:1032d00090ccb300004041000080fb001b00370091
:1032e0005e71900000c6b300804f510009003600a7
:1032f0005e71900060c6b300804f510005003e0033
:103300005e71900090cab300004041000080fb0055
:103310000e0037005e719000f0c2b300804f510084
:10332000090036005e71900090c3b300804f5100d9
:1033300005003e005e71900000cdb30000404100ea
:103340000080fb00010037000000eb00010070006e
:103350004800dd0010179800ae70900000c4b30064
:1033600080cf50000a003600ae70900060c4b300f9
:1033700080cf500006003e00ae70900090ccb300ad
:1033800000c040004400dd008080fb001e003700cc
:10339000ae70900000c6b30080cf50000a00360027
:1033a000ae70900060c6b30080cf500006003e00b3
:1033b000ae70900090cab30000c040004400dd0031
:1033c0000080fb000f003700ae709000f0c2b30029
:1033d00080cf50000a003600ae70900090c3b3005a
:1033e00080cf500006003e00ae70900000cdb300cc
:1033f00000c040004400dd000080fb0001003700f9
:103400000000eb00800078003e71900000c4b30023
:10341000804f5100090036003e71900060c4b30037
:10342000804f510005003e003e71900090ccb300eb
:10343000004041000080fb001b0037003e719000ff
:1034400000c6b300804f5100090036003e71900065
:1034500060c6b300804f510005003e003e719000f1
:1034600090cab300004041000080fb000e0037000e
:103470003e719000f0c2b300804f51000900360049
:103480003e71900090c3b300804f510005003e0094
:103490003e71900000cdb300004041000080fb0071
:1034a000010037000000eb00010070009e1090004a
:1034b0000080400010179800200020009e1090000f
:1034c0000188bb0011468000510f9800c3e8a90095
:1034d0000000000000000000500520007039880046
:1034e000a00a20007039880029e7a8000000000029
:1034f00000000000000000004139800000002800aa
:10350000008060000000e000fbff3a00de08900051
:10351000114688000040eb00404f98005e48900044
:103520000004e00048f43a008005200020118800e3
:103530000000eb00200f98000d0037000000eb00aa
:10354000300f9800030037003e0890000000e800ac
:10355000300f9800be089000f0032000808f5000cc
:10356000f9ff36002e0890000000e800200f9800b8
:103570002e0890000000e000f0ff3d000000fe007b
:103580000000020001000000100020000080fa008e
:043590000000060031
:020000040000fa
:020000040002f8
:100000000000fa000a27020001000000f82902009f
:0c001000010000000080fa000000060063
:020000040000fa
:020000040002f8
:100200003200f8003400f800881f78001800200041
:10021000a80188001800200008d0fe004f047800d4
:100220000000fa000168a9000080fa003400f9001b
:080230003200f9000040060055
:020000040000fa
:020000040002f8
:100400003200f8003400f800881f7800180020003f
:10041000a80188001800200008d0fe004f047800d2
:100420000000fa000188a9000080fa003400f900f9
:080430003200f9000040060053
:020000040000fa
:020000040002f8
:100600003200f8003400f800881f7800180020003d
:10061000a80188001800200008d0fe004f047800d0
:100620000000fa000428a9000080fa003400f90054
:080630003200f9000040060051
:020000040000fa
:020000040002f8
:10080000809fbe00821f78003200f8003400f8009c
:1008100010002000a00188001000200000d0fe0081
:100820000400fa000288a900107080006f0f6000b9
:1008300091708000c0032000008060004200dd0055
:10084000100798000000eb00b0558900c0558100ea
:100850000080e800c0558900c05581009e009000ce
:100860009e8070000001400000c022000000410096
:10087000010878000080fa003400f9003200f90025
:0c0880004f0178004f00be000040060051
:020000040000fa
:020000040002f8
:100a00003200f8003400f800881f78001800200039
:100a1000a80188001800200008d0fe004f047800cc
:100a20000000fa000088a9000080fa003400f900f4
:080a30003200f900004006004d
:020000040000fa
:020000040002f8
:100c00003600f800809fbe00829fbe00849fbe0019
:100c1000869fbe003200f8003400f800100020006b
:100c2000a00188001000200000d0fe000000fa00a3
:100c30003a500200010000000080fa003400f90080
:100c40003200f9004f03be004f02be004f01be004c
:0c0c50004f00be003600f9000040060016
:020000040000fa
:020000040002f8
:101000000f0021000e7f22000e0188002100200029
:101010000100e00002003200110020009101880070
:10102000000020000000e00002003200000002008a
:101030000000000000020200000000000040da0092
:081040000000fe0000000500a5
:020000040000fa
:020000040002f8
:101048000200fa00000f7800f0ff22009e007800ee
:10105800808f50000a003600f07f23009e00780041
:10106800808f500006003e0000002d009e004000ca
:101078000000230000804000104078002c0037005a
:10108800f07f23009e007800808f50000900360012
:101098001e0078000000e0000600350000802c00eb
:1010a8009e0040000080230000804000104078002f
:1010b8001f0037001e0078000000e0001b003d0004
:1010c800f0ff2c009e007800808f500017003e0033
:1010d800000028001e0040006100b80000f0a700d2
:1010e8001100200002002800130020000002d00098
:1010f8008202d000050042004220a80083804800f8
:101108004200a9004220ae004200a8000080d3009f
:10111800920180008101780003d0fe000000780071
:101128001040780002d0fe00010037000040eb00bc
:101138000080fa00000006000400fa00000f7800a2
:1011480021479800f0ff22009e007800808f500011
:101158000b003600f07f23009e007800808f50003f
:1011680007003e0000002d009e0040000000230004
:1011780000804000ae409000014878002c00370005
:10118800f07f23009e007800808f50000a00360010
:101198001e0078000000e0000700350000802c00e9
:1011a8009e00400000802300008040002e429000f6
:1011b800044878001e0037001e0078000000e00098
:1011c8001b003d00f0ff2c009e007800808f50002f
:1011d80017003e00000028001e0040006100b80013
:1011e80000f0a700110020000200280013002000d2
:1011f8008002d0000202d000048042004220a800f1
:10120800838048004200a9004220ae004200a800a6
:101218000080d300ae419000a20180000102780056
:1012280000007800a401880003487800a201880023
:101238000080fa0000000600000000000000000026
:101248000000000000000000202000002020000016
:1012580020000000200000005050000000000000a6
:10126800000000000000000050500000f85000008e
:10127800f85000005000000070a80000a0700000a6
:1012880028a8000070000000880800001020000056
:10129800408000008800000060900000906000001e
:1012a800a890000068000000202000000000000056
:1012b80000000000000000001020000020200000b6
:1012c8002020000010000000402000002020000026
:1012d80020200000400000008850000020f8000096
:1012e800205000008800000000000000207000006e
:1012f80020000000000000000000000000000000c6
:101308000020000040000000000000000070000005
:1013180000000000000000000000000000000000c5
:101328000000000020000000080800001020000055
:1013380040800000800000007088000098a800002d
:10134800c88800007000000020600000a020000095
:1013580020200000f80000007088000008700000dd
:1013680080800000f800000070880000087000000d
:101378000888000070000000182800004888000055
:10138800f808000008000000f880000080f0000065
:1013980008880000700000007088000080f00000dd
:1013a8008888000070000000f80800001020000085
:1013b80020200000200000007088000088700000d5
:1013c800888800007000000070880000887800009d
:1013d80008880000700000000000000020000000e5
:1013e80000000000200000000000000020000000b5
:1013f8000020000040000000000000002040000025
:101408002000000000000000000000007000000044
:101418007000000000000000000000002010000024
:101428002000000000000000708800000810000084
:10143800200000002000000070880000a8a800001c
:10144800b8800000f80000002050000088f8000074
:101458008888000088000000f088000088f00000fc
:1014680088880000f000000070880000808000007c
:101478008088000070000000f08800008888000064
:1014880088880000f0000000f880000080f000006c
:1014980080800000f8000000f880000080f0000064
:1014a80080800000800000007088000080b8000084
:1014b80088880000780000008888000088f800000c
:1014c8008888000088000000f82000002020000024
:1014d80020200000f8000000381000001010000064
:1014e800109000006000000088900000a0c000007c
:1014f800a09000008800000080800000808000002c
:1015080080800000f800000088d80000a88800004b
:10151800888800008800000088880000c8a80000ab
:101528009888000088000000708800008888000003
:101538008888000070000000f088000088f0000033
:10154800808000008000000070880000888800000b
:10155800a890000068000000f088000088f00000f3
:1015680088880000880000007088000080700000f3
:101578000888000070000000f8200000202000000b
:1015880020200000200000008888000088880000d3
:1015980088880000700000008888000088880000a3
:1015a800885000002000000088880000888800001b
:1015b800a8d800008800000088880000502000009b
:1015c80050880000880000008888000088500000cb
:1015d8002020000020000000f80800001020000073
:1015e80040800000f80000003020000020200000ab
:1015f8002020000030000000808000004020000013
:1016080010080000080000006020000020200000f2
:1016180020200000600000002050000000000000b2
:1016280000000000000000000000000000000000b2
:1016380000000000f800000040200000000000004a
:10164800000000000000000000000000700800001a
:10165800788800007800000080800000f088000092
:1016680088880000f000000000000000708800007a
:1016780080880000700000000808000078880000da
:1016880088880000780000000000000070880000d2
:10169800f88000007800000018200000f820000002
:1016a80020200000200000000000000078880000d2
:1016b800780800007000000080800000f0880000ba
:1016c800888800008800000020000000e02000005a
:1016d80020200000f8000000080000003808000082
:1016e80008880000700000008080000088900000da
:1016f800e090000088000000e020000020200000aa
:1017080020200000f800000000000000d0a8000021
:10171800a8a80000a800000000000000f088000051
:101728008888000088000000000000007088000021
:10173800888800007000000000000000f0880000a9
:10174800f0800000800000000000000078880000a1
:10175800780800000800000000000000b0c8000081
:1017680080800000800000000000000078800000f9
:1017780070080000f000000040400000f040000049
:101788004048000030000000000000008888000089
:1017980088880000700000000000000088880000b1
:1017a800885000002000000000000000a8a80000e9
:1017b800a8a80000500000000000000088500000a9
:1017c8002050000088000000000000008888000009
:1017d800780800007000000000000000f810000009
:1017e80020400000f80000001020000020600000e9
:1017f8002020000010000000202000002020000011
:1018080020200000200000004020000020300000c0
:1018180020200000400000000000000000680000d8
:101828009000000000000000f8f80000f8f8000040
:10183800f8f80000f80000000000000000000000b8
:101848000000000000000000000000000000000090
:101858000009000060000000000000000000000017
:101868000071000031000000000000007a730000e1
:101878006177000032000000006300007864000017
:101888006534000033000000002000007666000088
:101898007472000035000000006e000062680000ed
:1018a8006779000036000000000000006d6a000043
:1018b8007537000038000000002c00006b6900003c
:1018c8006f30000039000000002e00002f6c00006f
:1018d8003b7000002d000000000000002700000001
:1018e8005b3d000000000000000000000d5d0000ee
:1018f800005c000000000000000000000000000084
:10190800000000007f0000000031000000340000eb
:101918003700000000000000302e000032350000c3
:10192800363800001b000000002b0000332d00009b
:101938002a3900000000000000000000000000003c
:10194800000000000000000000000000000000008f
:10195800000900007e0000000000000000000000f8
:101968000051000021000000000000005a53000050
:1019780041570000400000000043000058440000a8
:101988004524000023000000000000005646000027
:101998005452000025000000004e0000424800009c
:1019a800472b00005e000000000000004d4a0000c8
:1019b800552600002a000000003c00004b490000aa
:1019c8004f29000028000000003e00003f4c0000a6
:1019d8003a5000005f0000000000000022000000f4
:1019e8007b2b000000000000000000000d7d0000bf
:1019f800007c000000000000000000000000000063
:101a0800000000007f000000001700000014000024
:101a18001900000000000000000000001200000093
:101a2800131100001b00000000000000000000006f
:101a3800000000000000000054650000726d000006
:101a48003234000020200000202000004553000010
:101a5800433b000048200000666f00007220000031
:101a6800486500006c700000202000002020000065
:101a7800202000005c000000554100005254000086
:101a88002039000036300000302d0000382d0000cd
:101a98004e2d0000312000002020000020200000f2
:101aa800202000002020000020200000202000002e
:101ab800202000002020000020200000202000001e
:101ac800202000002020000020200000202000000e
:101ad80020200000205c0000505300002f3200003e
:101ae800205000007265000073730000203d000064
:101af800206f000072200000736500006e64000013
:101b08002024000035350000207400006f200000fc
:101b1800737900006e630000203f00003f3f000023
:101b28003f2d0000382d00004f2d0000312000000f
:101b3800205c000000000000535000004920000015
:101b4800283300002d5700004952000045290000a5
:101b580020530000656e0000642000003220000061
:101b6800627900007465000073200000746800004a
:101b7800656e00002070000061750000736500004c
:101b8800207400006f200000737900006e6300006d
:101b980020200000205c000050410000524100005d
:101ba8004c4c0000454c0000202000002020000084
:101bb800202000002020000020200000202000001d
:101bc800202000002020000020200000202000000d
:101bd80020200000202000002020000020200000fd
:101be80020200000202000002020000020200000ed
:101bf80020200000205c0000436f00006d6d000095
:101c0800616e0000647300003a200000202000008c
:101c180020200000202000002020000020200000bc
:101c280020200000202000002020000020200000ac
:101c38002020000020200000204500005343000021
:101c48003b780000542000002020000020200000e5
:101c58003d2000005465000078740000204d00000d
:101c68006f64000065200000202000002020000094
:101c7800202000002020000020200000202000005c
:101c8800202000002020000020200000202000004c
:101c980020200000202000002045000053430000c1
:101ca8005b78000041200000202000003d2000005b
:101cb80043750000727300006f7200002055000029
:101cc80070200000202000002020000020200000bc
:101cd8002020000020200000204500005343000081
:101ce8003b78000043200000202000002020000056
:101cf8003d200000436f00006c6f00007220000060
:101d08004d6f0000646500002020000020200000c6
:101d180020200000202000002020000020200000bb
:101d280020200000202000002020000020200000ab
:101d38002020000020200000204500005343000020
:101d48005b78000042200000202000003d200000b9
:101d580043750000727300006f7200002044000099
:101d68006f7700006e200000202000002020000077
:101d780020200000202000002045000053430000e0
:101d88003b7800004c2000002020000020200000ac
:101d98003d2000004c650000676100006379000089
:101da800204f00006e2f00004f66000066200000e4
:101db800202000002020000020200000202000001b
:101dc800202000002020000020200000202000000b
:101dd8002020000020200000204500005343000080
:101de8005b78000043200000202000003d20000018
:101df80043750000727300006f72000020460000f7
:101e08006f720000776100007264000020200000fb
:101e1800202000002020000020450000534300003f
:101e28003b78000045200000202000002020000012
:101e38003d20000045630000686f0000204f00004f
:101e48006e2f00004f660000662000002020000072
:101e5800202000002020000020200000202000007a
:101e6800202000002020000020200000202000006a
:101e780020200000202000002045000053430000df
:101e88005b78000044200000202000003d20000076
:101e980043750000727300006f720000204200005a
:101ea800616300006b20000020200000202000005b
:101eb800202000002020000020450000534300009f
:101ec8003b78000053200000202000002020000064
:101ed8003d20000053630000616e00002066000092
:101ee800726f00006d2000004375000072730000df
:101ef8006f72000020200000202000002020000039
:101f080020200000202000002020000020200000c9
:101f1800202000002020000020450000534300003e
:101f28005b78000045200000202000003d200000d4
:101f380043750000727300006f720000204e0000ad
:101f480065780000742000004c6900006e65000090
:101f580020200000202000002045000053430000fe
:101f68003b6800006841000020200000202000009d
:101f78003d2000004d6500006d2000004164000018
:101f880064720000657300007320000020200000c8
:101f98002020000020200000202000002020000039
:101fa8002020000020200000202000002020000029
:101fb800202000002020000020450000534300009e
:101fc8005b78000046200000202000003d20000033
:101fd80043750000727300006f720000205000000b
:101fe80072650000762000004c6900006e650000f4
:101ff800202000002020000020450000534300005e
:102008003b680000685200002020000020200000eb
:102018003d2000005265000061640000204d000072
:10202800656d00006f72000079200000202000001c
:102038002020000020200000202000002020000098
:102048002020000020200000202000002020000088
:1020580020200000202000002045000053430000fd
:102068005b78000047200000202000003d20000091
:1020780043750000727300006f7200002048000072
:102088006f7200007a200000416200007320000097
:1020980020200000202000002045000053430000bd
:1020a8003b680000685700002e2e00002e2000001c
:1020b8003d20000057720000697400006520000090
:1020c8004d6500006d6f000072790000202000004f
:1020d80020200000202000002020000020200000f8
:1020e80020200000202000002020000020200000e8
:1020f800202000002020000020450000534300005d
:102108005b7900003b780000482000003d2000007b
:1021180043750000727300006f72000020500000c9
:102128006f73000069740000696f00006e20000082
:1021380020200000202000004d6500006d6f000089
:10214800727900002041000064640000726500009c
:1021580073730000657300003a200000202000001f
:102168002020000020200000202000002020000067
:102178002020000020200000202000002020000057
:102188002020000020200000202000002020000047
:1021980020200000202000002045000053430000bc
:1021a8005b7800004a200000202000003d2000004d
:1021b800457200006173000065200000696e000030
:1021c8002044000069730000706c00006179000011
:1021d80020200000202000002024000033300000d0
:1021e800303000002d330000374600004620000044
:1021f8003d2000005465000078740000204d000068
:1022080061700000706900006e6700002020000007
:1022180020200000202000002020000020200000b6
:1022280020200000202000002020000020200000a6
:10223800202000002020000020450000534300001b
:102248005b7800004b200000202000003d200000ab
:10225800457200006173000065200000696e00008f
:10226800204c0000696e000065200000202000005e
:102278002020000020200000202400003338000027
:10228800303000002d340000464600004620000093
:102298003d2000005465000078740000204f0000c5
:1022a8006e6c000079200000446100007461000039
:1022b8002020000020200000202000002020000016
:1022c8002020000020200000202000002020000006
:1022d800202000002020000020450000534300007b
:1022e8005b78000053200000202000003d20000003
:1022f80053630000726f00006c6c000020550000f2
:102308007020000020200000202000002020000075
:10231800202000002020000020240000353000008c
:10232800303000002d3700004646000046200000ef
:102338003d20000054650000787400002f43000021
:102348006f6c00006f720000204400006174000090
:102358006120000020200000202000002020000034
:102368002020000020200000202000002020000065
:1023780020200000202000002045000053430000da
:102388005b78000054200000202000003d20000061
:1023980053630000726f00006c6c00002044000062
:1023a8006f7700006e200000202000002020000031
:1023b80020200000202000002024000038300000e9
:1023c800303000002d440000464600004620000042
:1023d8003d2000004544000053200000436f0000ea
:1023e8006c6f0000722000004461000074610000fe
:1023f80020200000202000002020000020200000d5
:1024080020200000202000002020000020200000c4
:10241800202000002020000046690000726d0000a6
:1024280077610000726500002055000070640000ac
:1024380061740000652000006f6e000020520000eb
:1024480065730000657400002069000066200000c4
:1024580050410000302d00005041000033200000a2
:10246800677200006f7500006e640000656400000c
:102478002c200000736500006e64000020490000f5
:102488006e740000656c000020480000455800008c
:102498002061000074200000393600003030000050
:1024a8002d3800002d4e00002d3100002e20000098
:1024b80020200000202000000c00fa0030079800bf
:1024c80041079800224f98002e489000ff4f500077
:1024d8004d0036002e4890000004e0004c00350006
:1024e8000000eb0010079800430037002e489000ca
:1024f8000080fb000002b100c300dd001e00900058
:1025080000804000000278004f80de0080027800e2
:1025180006922000171020000600be0000004200ae
:1025280081804a009201800000f0a4008180d200de
:1025380001d0fe00104f780002d0fe000000eb0032
:1025480020079800260037001e4078000004e000ad
:102558000f003d00ce0090001e009000008040005b
:10256800c700dd003e0190002e00900000004100f1
:10257800808040000080210080804000008023008f
:1025880000804000f1c7b300014878000e00370012
:10259800ce0090001e00900000804000c700dd00c3
:1025a8003e0190002e009000000041008080400015
:1025b80000802100808040000080230000804000cf
:1025c8008040eb00014878001e4078000040400041
:1025d800004f78002e0090000000e80020079800c7
:1025e8002e009000e50f5000d7ff34001e00900029
:1025f8000000e800100798001e009000e70f500048
:10260800baff340003003700000000000100370063
:10261800000000000080fa00000006000600fa0032
:10262800000f780011079800424798009e0090001c
:10263800000520008088b9009e004000008023002b
:1026480000804000ce409000014878000080fa00e9
:10265800000006000a00fa001007980021079800f9
:1026680032079800430798000000eb00000f78003d
:10267800220037001e007800cf80de003e01900067
:10268800ce01900000004100818049009201800045
:1026980000f0a4008180d20001d0fe0090407800b4
:1026a80002d0fe00c0c5b30080cf50001800320031
:1026b8001e007800cf80de003e019000ce01900021
:1026c80000004100818049009201800000f0a400d0
:1026d8008180d20001d0fe001040780002d0fe00b8
:1026e800804078001e0090001e00400001417800e4
:1026f800ae009000c9ff07001e0fe800f00420009c
:102708009e007800808f5000daff34000100370007
:10271800000000000080fa00000006000200fa0035
:10272800004f78009e80fb00000f20008080600032
:10273800f0092000808f5000050034001e80fb0047
:102748004400de00004078007043b0000400370009
:102758001e80fb004400de00004078000043b0000b
:102768000080fa00000006000200fa00004f78001e
:102778001e80fb006f006000e90f50000400340069
:102788009e4078006fc060007043b00003003700bf
:102798009e4078006fc060000043b0000080fa00df
:1027a800000006002030000020200000203000003b
:1027b80020200000203000002020000020300000f1
:1027c80020200000202000002020000030300000e1
:1027d80030300000202000002020000020200000d1
:1027e80020200000203000002020000020300000c1
:1027f80020200000203000002020000020300000b1
:1028080020200000202000002020000030300000a0
:102818003030000020200000202000002020000090
:102828002020000020200000302000002020000090
:102838003020000020300000302000002020000060
:102848002020000020200000202000003030000060
:102858003020000020200000302000002020000050
:102868002020000020200000202000002030000050
:102878003020000020300000202000002030000020
:102888002020000020200000202000002030000030
:102898002020000020300000303000002020000000
:1028a8002020000020300000202000002030000000
:1028b80020200000203000003020000020200000f0
:1028c8002020000020200000202000002020000000
:1028d80030200000303000003020000020200000b0
:1028e80020200000202000002020000020300000d0
:1028f80030200000202000003020000020200000b0
:10290800302000002020000020200000203000009f
:10291800303000002030000020200000202000007f
:10292800202000002030000030200000203000006f
:10293800302000002020000020200000202000007f
:10294800202000002030000030200000203000004f
:10295800302000002020000020200000202000005f
:10296800202000002030000030200000203000002f
:10297800302000002020000020200000202000003f
:10298800202000002030000030200000203000000f
:10299800302000002020000020200000202000001f
:1029a800202000002020000020200000203000000f
:1029b80030200000303000002020000020200000df
:1029c80020200000203000002020000020300000df
:1029d80030200000202000003020000020200000cf
:1029e80020200000202000002020000020300000cf
:1029f800302000003030000020200000202000009f
:102a0800202000002030000020200000203000009e
:102a1800302000002020000030200000202000008e
:102a2800202000002020000020200000303000007e
:102a3800202000002030000030200000202000006e
:102a4800202000002020000030200000203000005e
:102a5800302000002030000020200000202000004e
:102a6800202000002020000020200000303000003e
:102a7800202000002030000030200000202000002e
:102a8800202000002020000030200000203000001e
:102a9800302000002030000020200000202000000e
:102aa80020200000203000002020000030300000ee
:102ab80030200000202000002020000020200000fe
:102ac80020200000203000002020000030300000ce
:102ad80020200000203000002020000020200000de
:102ae80020200000202000002020000030300000be
:102af80030200000203000002020000020200000ae
:102b0800202000002030000020200000203000009d
:102b1800302000002030000020200000202000008d
:102b2800202000000001000002030000040500004e
:102b38000606000004030000050000000102000072
:102b48000304000001000000060500000201000067
:102b58000006000003040000020500000502000052
:102b6800010300000400000006000000020100004c
:102b7800060300000504000005040000060000002c
:102b88000301000002040000050200000601000025
:102b9800000300000402000000010000060300001a
:102ba8000503000000060000020100000405000003
:102bb80001000000030400000506000002020000f6
:102bc80000040000050100000603000006040000e0
:102bd80000050000020100000301000002040000db
:102be80005060000030000000602000001030000c3
:102bf80000050000040400000102000003000000ba
:102c0800060500008000fa00889fbe008a9fbe006b
:102c18008c9fbe0081708000f00f20000080600053
:102c280000f0a0008070880091708000f00f2000f4
:102c380000806000907088002000200050558900b6
:102c48000000eb0040558900f023200090558900d2
:102c58000000eb00000f780007003700008021001b
:102c68009e00400000802300808040000040eb0070
:102c7800804878001e0fe800f1ff22001e0078004f
:102c8800810f5000f5ff34000000eb00100798009a
:102c9800190037001e0090006100b80000f0a7007e
:102ca8001100200006002800170020000001d000b5
:102cb8008601d000030041004220a8008780480018
:102cc8004200a9004220ae004200a8000080d300c4
:102cd8000042eb00a30180000101780000007800a9
:102ce800a201880004487800a30188001e00900013
:102cf8000000e800100798009e009000f0ff2400f4
:102d0800808f5000e3ff34000000eb00200798009c
:102d1800320037000000eb00300798002900370028
:102d28002e0090000000e000030032002e0090000a
:102d3800f40f5000090034002e009000c400dd009c
:102d48003e0090008080400000802200808040008b
:102d5800a0c2b30080487800170037003e009000fa
:102d6800e20f5000030034003e009000ec0f5000ca
:102d7800090034002e009000c400dd003e009000e1
:102d8800808040000080220080804000a0c2b30004
:102d980080487800080037002e009000c400dd004d
:102da8003e0090008080400000802200808040002b
:102db80000c2b300804878003e0090000000e800a0
:102dc800300798003e009000ef0f5000d4ff340009
:102dd8002e0090000000e800200798002e009000c8
:102de800f70f5000cbff34000000eb00e0568900dd
:102df80010002000f056890060002000005789006c
:102e080010002000105789000000eb0020578900af
:102e1800f003200030578900f00320004057890054
:102e2800c003200050578900c00320006057890064
:102e38000000eb00705789006057810080578900b7
:102e480070578100905789000000eb00a057890057
:102e58000000eb00b057890020c0b300004f980075
:102e68000000eb0040279800100020005007980051
:102e78000000eb00600798000000eb007007980066
:102e88000000eb00000f98000000eb00100f980006
:102e9800600020005027980010002000602798004c
:102ea8000000eb0070279800f0c7b3004057980067
:102eb80060002000002f980090012000102f98003b
:102ec800f0002000202f980030002000302f9800bc
:102ed800f0032000300f98000e2a90005457890004
:102ee8000000eb00400f9800080037004e089000e3
:102ef800804078004e0890008005b0000177780087
:102f08004e0890000000e800400f98004e0890001e
:102f1800e60f5000f5ff34002e2890008003b00023
:102f280002c5b3001100200063fd07002e289000a1
:102f3800e003b00042c5b300110020005efd0700a9
:102f48002e2890004004b00032c5b30011002000c4
:102f580059fd07002e289000a004b000a2c3b300ba
:102f68001100200054fd07002e2890000005b00035
:102f780002c2b300110020004ffd07002e28900068
:102f88006005b00002c3b300110020004afd07002d
:102f98002e289000c005b00002c3b3001100200025
:102fa80045fd07002e2890002006b00002c3b3009c
:102fb8001100200040fd07002e2890008006b00078
:102fc80002c3b300110020003bfd07002e2890002b
:102fd8008003b000e2c4b3009100200036fd070072
:102fe8002e289000e003b00052c4b30091002000e6
:102ff80031fd07002e2890004004b00082c5b300c0
:10300800910020002cfd07002e289000a004b0009d
:1030180042c5b3009100200027fd07002e2890002c
:103028000005b000a2c3b3009100200022fd0700f4
:103038002e2890006005b00002c2b3009100200065
:103048001dfd0700f0568100e30f500022003200fa
:10305800e30f500005003e00e10f5000120032005f
:10306800e10f500016003e0009003700e50f500040
:1030780025003200e50f50001d003900e60f500012
:1030880027003200e70f50002b00320030003700d5
:103098002e289000c005b00092c4b3009100200013
:1030a80005fd0700300037002e289000c005b0004d
:1030b800a2c4b30091002000fffc07002a003700db
:1030c8002e289000c005b000c2c4b30091002000b3
:1030d800f9fc0700240037002e289000c005b00036
:1030e800f2c4b30091002000f3fc07001e00370073
:1030f8002e289000c005b00032c5b3009100200012
:10310800edfc0700180037002e289000c005b0001d
:10311800a2c5b30091002000e7fc070012003700a9
:103128002e289000c005b00042c5b30091002000d1
:10313800e1fc07000c0037002e289000c005b00005
:10314800f2c3b30091002000dbfc07000600370043
:103158002e289000c005b000f2c3b30091002000f3
:10316800d5fc070000000000c05781000000e800ff
:10317800c0578900055781005527980016578100c8
:103188006627980021578100712798008057810091
:103198000000e00004003200805781000000e900d0
:1031a8008057890019003700905781000000e0001f
:1031b800060032000080eb0080578900905781009c
:1031c8000000e9009057890010003700605781001f
:1031d80080578900705781009057890010578100e7
:1031e800f40f500003003c00105781000000e80075
:1031f8001057890010002000600798001000200078
:103208007007980010002000500798006e0090008a
:103218000000e0006b013a00105681000000e00059
:10322800c6003200b05f80006f006000b0558900b2
:10323800c05f80008080e800f01f200000806000f0
:10324800c0558900b05581000000e000bd003a007b
:1032580071568100f00f20000080600000004000df
:1032680080007800c0558100808f5000b500320082
:1032780071568100f00f200000806000800040003f
:1032880000c022000080400090007800f00f20006d
:1032980080806000000e2000808f500003003a00fc
:1032a80010002000e0558900990037007156810010
:1032b800f00f2000008060008000400000c0220065
:1032c8000080400090007800f00f200080806000af
:1032d800000f2000808f500003003a0010002000eb
:1032e800d05589008a00370071568100f00f200000
:1032f800008060008000400000c022000080400084
:1033080090007800f00f200000806000fd0f500052
:103318000b003a00d05581000000e00004003200a4
:103328003e0890000030a000300f980004003700dd
:10333800be0890007003200000806000300f9800e5
:1033480071568100f00f200000806000800040006e
:1033580000c022000080400090007800f00f20009c
:1033680000806000fb0f50000b003a00d055810030
:103378000000e000040032003e0890000020a00099
:10338800300f980004003700be089000b0032000fa
:1033980000806000300f980071568100f00f200007
:1033a800008060008000400000c0220000804000d3
:1033b80090007800f00f200000806000fc0f5000a3
:1033c8000b003a00d05581000000e00004003200f4
:1033d8003e0890000010a000300f9800040037004d
:1033e800be089000d003200000806000300f9800d5
:1033f80071568100f00f20000080600080004000be
:1034080000c022000080400090007800f00f2000eb
:103418008080600030022000808f50000b003a004e
:10342800d05581000000e000040032003e08900002
:103438000000a000300f980004003700be0890007c
:10344800e003200000806000300f98007156810072
:10345800f00f2000008060008000400000c02200c3
:103468000080400090007800f00f2000808060000d
:10347800b0032000808f50000b003a00d055810027
:103488000000e000040032003e0890000040a00068
:10349800300f980004003700be089000f0022000aa
:1034a80000806000300f980071568100f00f2000f6
:1034b800008060008000400000c0220000804000c2
:1034c80090007800f00f2000808060002004200029
:1034d800808f50000a003a00d05581000000e000bb
:1034e800040032003e0890000050a000300f980001
:1034f800030037003e0890007f006000300f9800fe
:103508000000eb00e05589000000eb00d055890071
:10351800705681000000e8007056890071568100dd
:10352800f00f2000808f5000060036007056810092
:103538000010b1007056890002003700f003200027
:10354800300f9800305781004057890090708000f4
:103558006c006000c200dd00107080006f00600029
:10356800810070003e08900000806000305789009c
:1035780031578100f0032000808f500002003a008c
:103588000e29900052578900505781000000e00032
:1035980003003200505781000000e90050578900ad
:1035a8003157810040578100808f500003003a0056
:1035b800505781000000e0007d003a00c0578100ac
:1035c8000000e800c057890030578100640060009f
:1035d8000000e00015003a004057810064006000d8
:1035e8000000e00003003a00505781000000e000ae
:1035f8000e003a0010578100f40f500003003c0001
:10360800105781000000e8001057890060578100ba
:10361800805789007057810090578900100020005a
:103628006007980010002000700798006e00900056
:103638000000e0005c003a00305781006100600043
:103648000000e00010003a0040578100610060006f
:10365800004078000004e00003003a005057810061
:103668000000e00008003a0000578100ed0f50000c
:1036780003003c00005781000000e8000057890063
:103688001000200070079800305781006200600029
:103698000000e0000f003a0040578100620060001f
:1036a8000000e00003003a00505781000000e000ed
:1036b80008003a00005781000000e00003003400d1
:1036c800005781000000e900005789001000200021
:1036d8007007980030578100680060000000e00023
:1036e80009003a0040578100680060000000e000cf
:1036f80003003a00505781000000e00002003a0041
:10370800100020007007980030578100700060009a
:103718000000e0000f003a00405781007000600090
:103728000000e0000b00320020578100e30f50003a
:1037380003003a000000eb0020578900030037001f
:10374800205781000000e800205789001000200061
:103758007007980031578100000220000080600047
:103768000000e00010003a004157810000022000ec
:10377800008060000000e0000b003200205781004c
:103788000000e00003003a003000200020578900c4
:1037980003003700205781000000e9002057890006
:1037a80010002000700798001000200050079800b3
:1037b800505781000000e00002003a008e29900076
:1037c800535789007e0090000000e0007903320022
:1037d8000000eb00700798000000eb00500f980005
:1037e800390037000000eb00600f98003000370008
:1037f800e0568100c200dd002057810000804000b3
:10380800c200dd005e08900000804000c200dd00bc
:103818006e08900000804000402798004e249000d9
:103828004e2090004f80de00800478006a3d210021
:103838001b1020000a00be000000440081804c00dc
:103848009201800000f0a4008180d20001d0fe0027
:103858009040780002d0fe0000c2b30080cf500034
:1038680010003200115781005e089000008040006f
:103878004401dd00015781006e089000008040007f
:1038880080004100008022000080400090407800c5
:1038980000c2b30080cf50000200320010002000a8
:1038a800700798006e0890000000e800600f98000c
:1038b8006e089000e30f5000cdff34005e089000c2
:1038c8000000e800500f98005e089000e30f5000d9
:1038d800c4ff34007e009000e10f50006b003a00f6
:1038e8005e22900004578900ee2290001557890047
:1038f8007e239000265789000e0890000000e00003
:1039080062003200705581000000e0002e003a008d
:103918001e2890007200400072c4b30051002000bd
:103928003efb07001e2890007300400012c4b3003d
:103938005100200039fb07001e2890007400400049
:10394800d2c4b3005100200034fb07001e289000a9
:103958007500400052c4b300510020002ffb07003f
:103968001e2890007600400002c2b30051002000db
:103978002afb07001e28900077004000f2c4b3001d
:103988005100200025fb07001e2890007800400009
:1039980062c5b3005100200020fb07001e289000dc
:1039a8007900400052c4b300510020001bfb0700ff
:1039b8001e2890007a00400022c5b3005100200064
:1039c80016fb07003000370070558100e10f5000ea
:1039d8002d003a002e2890008003b00072c4b30076
:1039e80011012000b4fa07002e289000e003b0006f
:1039f80012c4b30011012000affa07002e2890006e
:103a08004004b000d2c4b30011012000aafa070094
:103a18002e289000a004b00052c4b3001101200069
:103a2800a5fa07002e2890000005b00002c2b300d6
:103a380011012000a0fa07002e2890006005b000b0
:103a4800f2c4b300110120009bfa07002e28900051
:103a5800c005b00062c5b3001101200096fa070046
:103a68002e2890002006b00052c4b3001101200097
:103a780091fa07002e2890008006b00022c5b300f6
:103a8800110120008cfa0700ffff37000000eb004f
:103a9800000f98006e0090000000e000c3023200a2
:103aa8007e009000e10f5000be023a000000eb00db
:103ab800700f9800380037000000eb0000179800de
:103ac8002f003700e0568100c200dd00205781003a
:103ad80000804000c200dd007e08900000804000a9
:103ae800c200dd000e1090000080400040279800c2
:103af8004e2690004e2090004f80de008006780011
:103b0800613d2100013798001210200012379800fb
:103b18000e3090009e3090000000460081804e00dc
:103b28009201800000f0a4008180d20001d0fe0044
:103b38009040780002d0fe0000c2b30080cf500051
:103b48000c003200115781007e0890000080400070
:103b58004401dd00015781000e10900000804000f4
:103b680080004100008022008080400030c2b30005
:103b7800804878000e1090000000e80000179800b8
:103b88000e109000e30f5000ceff34007e08900026
:103b98000000e800700f98007e089000e30f5000c6
:103ba800c5ff34000000eb00100f98004001200012
:103bb8001017980047003700100020007007980081
:103bc8000000eb00201798000f0037001e1090002f
:103bd800c400dd002e10900080804000008022008c
:103be800008040009040780000c2b30080cf5000b1
:103bf80002003a000000eb00700798002e109000b9
:103c08000000e800201798002e109000f20f5000d6
:103c1800eeff34007e009000e10f50002a003a00c9
:103c2800c05781000000e800c05789009e1190002d
:103c3800331798001b0037000000eb00401798006e
:103c4800120037003e109000c400dd004e109000b6
:103c5800008140003e1090000000e900c400dd0033
:103c68004e109000808040000080220000804000bc
:103c78009040780000802200000041000148780050
:103c88004e1090000000e800401798004e10900079
:103c9800f20f5000ebff34003e1090000000e900e6
:103ca800301798003e109000e10f5000e2ff3c00f2
:103cb8001e1090000000e800101798001e089000e1
:103cc8000000e800100f98001e1090000000e900a6
:103cd800101798001e109000e10f5000b6ff3c002e
:103ce8001e0890000000e00004003a00a057810080
:103cf8000000e800a05789001b0037001e0890004c
:103d0800e10f500004003a00a05781006a0040000b
:103d1800a0578900140037001e089000e20f5000d9
:103d280004003a00a057810074004000a0578900a1
:103d38000d0037001e089000e30f500004003a0001
:103d4800a05781002003b000a05789000600370063
:103d58001e089000e40f500003003a00a0578100ad
:103d68004006b000a0578900b05781000000e80065
:103d7800b0578900b0578100f30f500005003e008e
:103d8800c0032000605789000000eb0070578900cd
:103d980028003700b157810070022000808f500042
:103da80005003e0020032000605789000000eb005a
:103db800705789001f003700b1578100b0032000f9
:103dc800808f500005003e00800220006057890067
:103dd8000000eb007057890016003700b1578100ca
:103de800f0042000808f500005003e00e001200014
:103df800605789000000eb00705789000d003700fc
:103e0800b157810030062000808f500005003e0029
:103e180040012000605789000000eb0070578900be
:103e280004003700a0002000605789000000eb0064
:103e3800705789006000200000578900100020009a
:103e4800105789000000eb0020578900f0568100c8
:103e5800e05689000e4890000080fb008005b00005
:103e68006e4078000080fb00f05689000e489000f4
:103e78000040e800004f98000e489000e64f5000c0
:103e8800290036000040eb00004f98000000eb00ce
:103e98005017980021003700c05781006f0060005c
:103ea800e700b900800078005e10900000804000b4
:103eb80000027800243798004f80de0030379800e1
:103ec800655921004537980016102000563798008c
:103ed8004e309000de3090002e319000be319000c0
:103ee80000004100818049009201800000f0a40098
:103ef8008180d20001d0fe001040780002d0fe0080
:103f0800804078005e1090008005b000017778004e
:103f18005e1090000000e800501798005e109000b6
:103f2800e60f5000dcff3400f05681000000e80086
:103f3800f0568900f0568100e60f50000200360066
:103f48000000eb00f056890010002000000f9800d8
:103f5800705581000000e000c8003a001e2890005b
:103f68007200400002c5b30011002000abf9070041
:103f78001e2890007300400042c5b30011002000c5
:103f8800a6f907001e2890007400400032c5b3004f
:103f980011002000a1f907001e28900075004000bc
:103fa800a2c3b300110020009cf907001e2890004e
:103fb8007600400002c2b3001100200097f9070004
:103fc800a1578100007122008001780011000900ca
:103fd8008380d8008000fd00c300de00500c220062
:103fe8000008b8004408de000040780004c3b300ad
:103ff800844040001e28900077004000014178006e
:104008001100200085f90700a2578100c310de00c7
:10401800500c22000008b8004408de00813e200051
:104028008180b90000005100c200de00b0472100c5
:104038000008b8000100d1000040780005c3b300b3
:10404800854040001e28900078004000014178001b
:104058001100200071f90700a2578100c210de008c
:10406800b04721000008b8008100d10040062000b8
:104078008088b90080005100d0cc2c000008b8001e
:104088004308de000040780006c3b30086404000c5
:104098001e2890007900400001417800110020009e
:1040a8005ef90700a2578100d0cc2c000010b800a0
:1040b8004308de00ea00b900000051000040780023
:1040c80002c3b300824040001e2890007a004000de
:1040d800014178001100200050f907001e289000c7
:1040e80072004000e2c4b300310020004bf9070021
:1040f8001e2890007300400052c4b3003100200015
:1041080046f907001e2890007400400082c5b300dd
:104118003100200041f907001e289000750040007a
:1041280042c5b300310020003cf907001e2890006a
:1041380076004000a2c3b3003100200037f9070021
:104148001e2890007700400002c2b3003100200012
:1041580032f90700f0568100e30f500022003200c8
:10416800e30f500005003e00e10f5000120032003e
:10417800e10f500016003e0009003700e50f50001f
:1041880025003200e50f50001d003900e60f5000f1
:1041980027003200e70f50002b00320031003700b3
:1041a8001e2890007800400092c4b300310020001f
:1041b8001af90700fb0037001e289000780040001d
:1041c800a2c4b3003100200014f90700f50037003d
:1041d8001e28900078004000c2c4b30031002000bf
:1041e8000ef90700ef0037001e2890007800400005
:1041f800f2c4b3003100200008f90700e9003700d5
:104208001e2890007800400032c5b300310020001d
:1042180002f90700e30037001e28900078004000ec
:10422800a2c5b30031002000fcf80700dd0037000c
:104238001e2890007800400042c5b30031002000dd
:10424800f6f80700d70037001e28900078004000d5
:10425800f2c3b30031002000f0f8070000000000ae
:10426800d00037001e28900078004000f2c3b30049
:1042780031002000e9f80700ca00370070558100b6
:10428800e10f5000c7003a002e2890008003b000cc
:1042980002c5b3001100200087f807002e289000ff
:1042a800e003b00042c5b3001100200082f8070007
:1042b8002e2890004004b00032c5b3001100200041
:1042c8007df807002e289000a004b000a2c3b30018
:1042d8001100200078f807002e2890000005b00093
:1042e80002c2b3001100200073f80700a157810033
:1042f8000071220080017800110009008380d80035
:104308008000fd00c300de00500c22000008b80049
:104318004408de000040780004c3b3008440400035
:104328002e2890006005b00001417800110020009f
:1043380061f80700a2578100c310de00500c22006c
:104348000008b8004408de00813e20008180b900e2
:1043580000005100c200de00b04721000008b8008c
:104368000100d1000040780005c3b300854040003b
:104378002e289000c005b0000141780011002000ef
:104388004df80700a2578100c210de00b047210097
:104398000008b8008100d100400620008088b900dc
:1043a80080005100d0cc2c000008b8004308de0083
:1043b8000040780006c3b300864040002e289000d5
:1043c8002006b00001417800110020003af80700eb
:1043d800a2578100d0cc2c000010b8004308de00a2
:1043e800ea00b900000051000040780002c3b300a1
:1043f800824040002e2890008006b00001417800dd
:10440800110020002cf807002e2890008003b0002f
:10441800e2c4b3009100200027f807002e2890007e
:10442800e003b00052c4b3009100200022f8070056
:104438002e2890004004b00082c5b30091002000ef
:104448001df807002e289000a004b00042c5b30054
:104458009100200018f807002e2890000005b000f1
:10446800a2c3b3009100200013f807002e28900083
:104478006005b00002c2b300910020000ef80700ea
:10448800f0568100e30f500022003200e30f500085
:1044980005003e00e10f500012003200e10f50000d
:1044a80016003e0009003700e50f500025003200d5
:1044b800e50f50001d003900e60f500027003200bc
:1044c800e70f50002b003200300037002e289000f4
:1044d800c005b00092c4b30091002000f6f70700b1
:1044e800300037002e289000c005b000a2c4b300e9
:1044f80091002000f0f707002a0037002e289000ce
:10450800c005b000c2c4b30091002000eaf707005c
:10451800240037002e289000c005b000f2c4b30074
:1045280091002000e4f707001e0037002e289000b5
:10453800c005b00032c5b30091002000def70700c7
:10454800180037002e289000c005b000a2c5b3009f
:1045580091002000d8f70700120037002e2890009d
:10456800c005b00042c5b30091002000d2f7070093
:104578000c0037002e289000c005b000f2c3b3002d
:1045880091002000ccf70700060037002e28900085
:10459800c005b000f2c3b30091002000c6f70700c1
:1045a800000000000000eb00600798000000eb002e
:1045b800700798005e0090000000e000da01320009
:1045c8000000eb0060179800b90037000000eb000e
:1045d80070179800b00037006e109000c400dd001e
:1045e8007e10900080804000008022000080400003
:1045f8009040780000c2b30080cf50002a003a00f3
:104608000000eb00001f9800220037000000eb00bc
:10461800101f980018003700fe1090003e289000e8
:104628008089b900ee1090003e2890008088b9007b
:10463800800078000e189000008040004700dd00e0
:10464800800041001e189000808040002e289000b5
:10465800808040000080210080804000008023008e
:10466800808040000040eb00804878001e189000d1
:104678000000e800101f98009e1890003e28900047
:10468800808f5000e4ff39000e1890000000e80009
:10469800001f98008e1890003e289000808f5000d0
:1046a800daff3900790037006e109000c400dd0091
:1046b8007e10900080804000008022000080400032
:1046c8009040780030c2b30080cf500046003a00d6
:1046d8000000eb00201f98003e0037000000eb00b0
:1046e800301f9800340037002e1890000000e000ba
:1046f800030032003e1890000000e00016003a0067
:10470800fe1090003e2890008089b900ee109000bd
:104718003e2890008088b900800078002e1890000c
:10472800008040004700dd00800041003e189000f6
:10473800808040002e28900080804000008021006a
:1047480080804000008023008080400050c1b3007a
:104758008048780015003700fe1090003e28900031
:104768008089b900ee1090003e2890008088b9003a
:10477800800078002e189000008040004700dd007f
:10478800800041003e189000808040002e28900054
:10479800808040000080210080804000008023004d
:1047a80080804000a0c2b300804878003e18900086
:1047b8000000e800301f9800be1890003e289000c6
:1047c800808f5000c8ff39002e1890000000e800c4
:1047d800201f9800ae1890003e289000808f50004f
:1047e800beff3900290037000000eb00401f980089
:1047f800220037000000eb00501f98001800370017
:10480800fe1090003e2890008089b900ee109000bc
:104818003e2890008088b900800078004e189000eb
:10482800008040004700dd00800041005e189000d5
:10483800808040002e289000808040000080210069
:10484800808040000080230080804000f0c7b300d3
:10485800804878005e1890000000e800501f98001b
:10486800de1890003e289000808f5000e4ff390049
:104878004e1890000000e800401f9800ce189000e5
:104888003e289000808f5000daff39007e1090009b
:104898000000e800701798007e109000ef0f50009d
:1048a8004dff34006e1090000000e800601798007b
:1048b8006e109000f70f500044ff3400e05681005e
:1048c800e30f500019003200e30f500005003e00ce
:1048d800e10f50000f003200e10f500010003e00c1
:1048e80009003700e50f500016003200e50f5000b0
:1048f80011003900e60f500015003200e70f500094
:104908001600320018003700f0c4b3004057980072
:104918001800370030c4b30040579800150037001e
:10492800a0c6b3004057980012003700c0c7b300b4
:10493800405798000f003700c0c4b3004057980094
:104948000c00370000c7b300405798000900370033
:1049580030c7b3004057980006003700f0c7b300cf
:104968004057980003003700f0c7b300405798003d
:10497800000000000000eb00601f980030003700c6
:104988000000eb00701f9800250037006e1890009b
:10499800c700dd007e18900000804000800078008d
:1049a8002e289000808040000000210000804000f8
:1049b8006100b80000f0a7001100200003002800e3
:1049c8006337980014002000743798006e31900007
:1049d800fe3190000002d0008202d00005004200a3
:1049e8004220a800838048004200a9004220ae006f
:1049f8004200a8000080d3000042eb00a301800021
:104a08000101780000007800a201880004487800bd
:104a1800a30188007e1890000000e800701f98002d
:104a2800fe1890003e2890004400dd00808f500062
:104a3800d6ff39006e1890000000e800601f98004b
:104a4800ee1890003e289000f800b900808f5000c2
:104a5800cbff39000000eb0000279800ac003700be
:104a68000000eb0010279800a3003700e0568100f3
:104a7800c200dd002057810000804000c200dd0038
:104a88000e20900000804000c200dd001e20900033
:104a980000804000402798004e239000063f980071
:104aa8004e2090004f80de00103f9800613d2100ad
:104ab800213f980012102000323f98002e389000b5
:104ac800be3890000e3a90009e3a900000004200d6
:104ad80081804a009201800000f0a4008180d20009
:104ae80001d0fe009040780002d0fe0000c2b30062
:104af80080cf50007d0032000000eb002027980096
:104b0800760037000000eb00302798006c00370073
:104b18002e2090000000e000030032003e209000ac
:104b28000000e00033003a00015781001e20900089
:104b380000804000800078003e2890008089b900fd
:104b4800115781000e2090000080400080007800fe
:104b58003e2890008088b900800078002e209000c0
:104b6800008040004700dd00800041003e209000aa
:104b7800808040002e2890008080400000002100a6
:104b8800808040004e509000f5c3b300054260009d
:104b98006108b80000f0a7001100200006002800f6
:104ba800463f980012002000523f98004e3990006e
:104bb800de3990008002d0000203d0000680420057
:104bc8004220a800838048004200a9004220ae008d
:104bd8004200a8000080d300a301800001017800f2
:104be80000007800a201880004487800a30188002a
:104bf80030003700015781001e20900000804000df
:104c0800800078003e2890008089b9001157810003
:104c18000e20900000804000800078003e28900020
:104c28008088b900800078002e2090000080400025
:104c38004700dd00800041003e2090008080400059
:104c48002e28900080804000000021000080400055
:104c58006100b80000f0a700110020000200280041
:104c6800623f980013002000733f98006e3a90004e
:104c7800fe3a90000003d0000401d0000200430077
:104c88004220a800858048004200a9004220ae00ca
:104c98004200a8000080d3004e529000a30180007b
:104ca8000101780000007800a2018800044878001b
:104cb800a30188003e2090000000e80030279800fb
:104cc800be2090003e289000808f500090ff390051
:104cd8002e2090000000e80020279800ae209000c9
:104ce8003e289000808f500086ff39001e209000db
:104cf8000000e800102798001e209000e30f5000e5
:104d08005aff34000e2090000000e80000279800a9
:104d18000e209000e30f500051ff34000000eb001c
:104d2800500798000100370000000000005581007e
:104d38000000e000fdff3a0000000000015581007e
:104d480090558100808f5000fcff360006f937002f
:104d58000200fa0081708000f00f2000808060005f
:104d680000f02700010070008070880091708000ba
:104d7800f00f20000080600090708800007820000c
:104d8800805589000000eb00405589000000eb00c9
:104d9800000f780005003700008023001e00400047
:104da8008040eb00014878001e0fe800f0ff21006a
:104db8009e007800808f5000f7ff3400ffff370017
:104dc8000000fa000000eb00c0578900f000200046
:104dd80050708800d0708000c000b300d070880088
:104de800705581000000e00002003a00d8ff07007b
:104df8000400370070558100e10f500001003a00af
:104e080080f707000080fa00000006002000fa0082
:104e1800889fbe008a9fbe008c9fbe00f0fe2f00b8
:104e280000708800042eef00f0f7270080708800db
:104e3800142eef0010002000c0568900100020003a
:104e4800d056890021348000f00f200000806000d7
:104e580000c0a000203488000134800000f02f003a
:104e6800008060001001b300003488000029ef00c2
:104e78000229ef0001488000f03f2e00008060000a
:104e8800004888000629ef00201d240020488800db
:104e98001021ef001061a9000621ef0081088000b1
:104ea800f0fc2f00008060000050a00080088800ff
:104eb800d0212400600888001148800000fe2f00df
:104ec80000806000c000b3001048880001488000de
:104ed80080ff2f00008060005000b3000048880069
:104ee8000a29ef000c29ef0051488000f03f2e00fe
:104ef8000080600000a0a000504888001029ef0042
:104f0800804b2000704888001221ef000a21ef0032
:104f1800f0532000700888006148800000fe2f00d0
:104f280000806000d000b3006048880051488000cd
:104f380080ff2f00008060005000b30050488800b8
:104f480005e1a9000421a90004c1a90021088000e5
:104f5800f0fc2f000080600020088800f05320003b
:104f680000088800f05320001008880001428000e3
:104f78000000270001007000004288000068a900b6
:104f88002068a80011028000f0f12f000080600066
:104f9800100288004460a900c028ef00c228ef0072
:104fa800c428ef00c628ef00c828ef00c1e8a90010
:104fb800c3e8a8000000eb00000f780007003700e6
:104fc800008021009e004000008023008080400077
:104fd8000040eb00804878001e0fe800f1ff220037
:104fe8001e007800810f5000f5ff34000000eb0030
:104ff80010079800190037001e0090006100b800e3
:1050080000f0a7001100200006002800170020006b
:105018000001d0008601d000030041004220a80012
:10502800878048004200a9004220ae004200a80044
:105038000080d3000042eb00a3018000010178004a
:1050480000007800a201880004487800a3018800c5
:105058001e0090000000e800100798009e009000d5
:10506800f0ff2400808f5000e3ff34000000eb00c5
:105078002007980008003700ae0090000080230049
:105088000080400001c2b300014878002e00900063
:105098000000e80020079800ae009000f07f210093
:1050a800808f5000f4ff34000000eb0030079800b8
:1050b80008003700be009000000023000080400078
:1050c8008040eb00014878003e0090000000e800b6
:1050d80030079800be009000f00f2000808f50002d
:1050e800f4ff34000000eb00400798001e00370072
:1050f8004e00900003102000808141004e02900075
:10510800240f98004e0090004f80de00300f98006a
:1051180005922000450f980011102000510f9800ab
:105128004e089000de0890002e0a9000be0a9000fb
:105138000000420081804a009201800000f0a40033
:105148008180d20001d0fe009040780002d0fe009d
:105158000000230000804100014878004e009000c4
:105168000000e80040079800ce009000f02f2000d3
:10517800808f5000deff34000000eb0050079800dd
:105188000a003700de0090000040200080804000c8
:1051980000002300008040008040eb0001487800b8
:1051a8005e0090000000e80050079800de009000c4
:1051b800f00f2000808f5000f2ff34000000eb0059
:1051c800600798001c003700ee0090000050200097
:1051d800008140006e0690006e0090004f80de0057
:1051e8008006780005922000650f980011102000b5
:1051f800710f98006e089000fe08900000004600ad
:1052080081804e009301800000f0a4008180d200cc
:1052180001d0fe001040780003d0fe0080c0ea00f4
:105228000000230000004100014878006e00900053
:105238000000e80060079800ee009000f02f2000c2
:10524800808f5000e0ff34000000eb0070079800ea
:10525800090037007e0090008000400000c0220056
:10526800008040008000eb00010878007e0090007c
:105278000000e80070079800fe009000f00f200082
:10528800808f5000f3ff34000000eb00000f9800ff
:10529800160037000e0c90000e0890004f80de00bc
:1052a800800478000ac220001b1020000a00be00fb
:1052b8000000440081804c009201800000f0a400ae
:1052c8008180d20001d0fe009040780002d0fe001c
:1052d8000e09900000b0220000004100014878004b
:1052e8000e0890000000e800000f98008e0890005b
:1052f800f00f2000808f5000e6ff34000000eb0024
:10530800100f98000d0037009e08900000a02200a2
:10531800008040008040eb00014878009e08900023
:1053280000a52200008040008040eb000148780082
:105338001e0890000000e800100f98009e089000da
:10534800f0042000808f5000efff340090302000e0
:10535800005589000000eb00105589000000eb00a3
:10536800205589000000eb00305589000000eb0053
:10537800405589000000eb00505589000000eb0003
:10538800605589000000eb00705689000000eb00b2
:10539800705589000078200080558900f02f200082
:1053a80090558900010028008008800001007000e5
:1053b8008008880001002800900880000100700023
:1053c8009008880001002800200880000100700073
:1053d800200888004f06be004f05be004f04be00df
:1053e8000080fa00000006009401fa00889fbe00c1
:1053f8008a9fbe008c9fbe000000eb00608f980063
:1054080010002000708f980000782000000f7800ae
:1054180002d2200013102000810120000000eb00c0
:105428008cf407000000eb00a0558900f000200074
:10543800b05589000000eb00c05589000000eb0062
:10544800d05589000000eb00e05589000000eb0012
:10545800f05589000000eb00005689000000eb00c1
:10546800105689000000eb00205689000000eb0070
:10547800305689000000eb00405689000000eb0020
:10548800505689000000eb006056890001ad2200eb
:105498000040eb008048780011ad22000040eb008e
:1054a8008048780021ad22000040eb008048780059
:1054b80031ad22000040eb008048780041ad220069
:1054c8000040eb008048780051ad22000040eb001e
:1054d8008048780061ad22000040eb0080487800e9
:1054e80071ad22000040eb00804878000000eb001e
:1054f80040558900805581000005b100605589003c
:105508007e8890000000e0000500320061558100af
:10551800008023008080400000cab30080487800e3
:10552800f0002000d07088000000eb001007980001
:105538000d0037000000eb0020079800030037003b
:105548002e0090000000e80020079800ae009000b0
:10555800f0032000808f5000f9ff36001e009000f5
:105568000000e800100798001e0090000000e0000e
:10557800f0ff3d00907080000080ea00630060004a
:10558800608f9800c0002000d07088006e8890005e
:105598000000e0003d003a00f000200000708800a4
:1055a800042eef00f0f3270080708800142eef001f
:1055b800d17080000006200001007000d0708800c3
:1055c80050022000203688002134800000f02f008f
:1055d800008060000000a000203488002188a90015
:1055e8002168a9000188a9000168a900214280005a
:1055f800f0ff28000080600000c0a0002042880062
:105608003142800080ff2f00008060000000a00071
:10561800304288002022ef002222ef00601a20008a
:105628004011880021e2a8002342a800002bef00c7
:10563800f00f200070588800b00020001058880033
:10564800602220006058880000c02200205888008e
:10565800062bef000088a9002088a80001eba8000d
:10566800d000200020118800a00020002011880010
:105678000ad420001b1020000a01be00810120006e
:1056880000022000f3f30700ad0037006e88900099
:10569800e10f50004d003a00f00020000070880033
:1056a800042eef00f0f7270080708800142eef001a
:1056b800d17080000006200001007000d0708800c2
:1056c80050022000203688002188a9002168a900fe
:1056d8000188a9000168a90021428000f0ff280084
:1056e8000080600000c0a000204288003142800095
:1056f80080ff2f00008060000000a000304288007a
:1057080040002000001188002222ef00200f200016
:105718004011880021e2a800002bef00f00f2000c4
:1057280070588800b00020001058880060222000bf
:105738006058880000c0220020588800062bef001f
:105748000088a9002088a80001eba8000000eb0051
:10575800300798000d0037000000eb004007980064
:10576800030037004e0090000000e8004007980052
:10577800ce009000f0032000808f5000f9ff360023
:105788003e0090000000e800300798003e009000be
:105798000000e000f0ff3d0020a2a8000000eb00a0
:1057a8001056890001d72000011799001210200017
:1057b800121799000e1191009e119100810120008d
:1057c80000022000a3f307005d0037006e889000f8
:1057d800e20f500037003a00f00020000070880007
:1057e800042eef00f0f6270080708800142eef00da
:1057f80050622200603688002134800000f02f00bb
:10580800008060009000b3002034880011348000cc
:1058180000f02f00008060000030a00010348800e5
:105828006822ef000428a9002428a90081428000ea
:10583800f0f82f00008060000040a000804288003f
:10584800c0002000001388006222ef006422ef00ed
:1058580061e2a8000428a900002bef00f00f200047
:1058680070588800100220001058880080262000f8
:105878006058880000c0220020588800062bef00de
:105888000088a9002088a80001eba8006822ef0082
:105898000000eb00105689000cda20001d102000d3
:1058a8000c01be00810120000002200069f30700fe
:1058b800230037006e889000e30f500020003a0064
:1058c800f000200000708800042eef00f0f7270099
:1058d80080708800142eef000060220000358800d8
:1058e8000288a9002288a900c228a8005142800085
:1058f80080ff2f00008060000010a0005042880048
:105908000288a9002288a80010002000a05589005c
:1059180008dd2000191020000801be0081012000c8
:10592800000220004bf307000500370000000000cc
:1059380003003700000000000100370000000000ed
:10594800a05581000000e00025003a00907080001a
:105958006c006000009798000e9090006400600052
:105968000000e000050032000e9090006800600022
:105978000000e0001a003a000100370000000000b3
:10598800005581000000e000fdff3a000000000023
:105998000155810090558100808f5000fcff360032
:1059a800f0072000905589000e9090006400600078
:1059b8000000e00002003a000000eb00705589008a
:1059c8000e909000680060000000e00002003a00bd
:1059d8001000200070558900f9fc0700ffff370010
:1059e800a05581000000e00008003a00b05f800088
:1059f8006f006000b0558900c05f80008080e800bb
:105a0800f01f200000806000c0558900b05581005b
:105a18000000e000c9023a0071568100f00f200032
:105a2800008060000000400080007800c0558100c0
:105a3800808f5000c10232006e8890000000e000a4
:105a4800060032006e889000e20f5000030032001a
:105a58006e889000e30f500066003a006e88900050
:105a6800e20f50001d003a00105681000000e000cf
:105a78001a003a0061e2a9006342a8006342a90043
:105a88000000eb00500798000c0037000000eb0006
:105a980060079800030037006e0090000000e800df
:105aa800600798006e009000e30f5000faff360080
:105ab8005e0090000000e800500798005e0090002b
:105ac8000000e000f1ff3d0061e2a8000428a90001
:105ad80010002000105689003b00370060568100f6
:105ae8000000e00028003a0022568100715681002b
:105af800f00f2000008060008000400000c02200fd
:105b080000804000100078008040780000ad22003e
:105b18000000410001487800d05681000000e000f4
:105b28001600320030568100e20f50001300320098
:105b38006e8890000000e00007003a0021568100be
:105b480000ad220000804000104078000080fb007b
:105b580020118800090037006e889000e20f50007d
:105b680006003a002156810000ad22000080400066
:105b7800104078000080fb004013880010002000cf
:105b8800405689001000370071568100f00f200040
:105b9800008060008000400000c0220000804000bb
:105ba80010007800804078005056810062ed0700b0
:105bb800505681000000e800505689006056810068
:105bc8000000e90060568900705681000000e80076
:105bd8007056890071568100f00f2000808f5000a8
:105be80056023600705681000010b10070568900c8
:105bf800520237006e889000e10f50004f023a00c1
:105c08000111800000022000008060000000e00018
:105c180005003a00105681000000e00002003a003a
:105c28001000200010568900105681000000e00086
:105c38003802320071568100f00f200000806000a9
:105c48008000400000c022000080400090007800e2
:105c5800f00f200080806000000e2000808f500030
:105c680003003a0010002000e0558900290237009f
:105c780071568100f00f2000008060008000400015
:105c880000c022000080400090007800f00f200043
:105c980080806000000f2000808f500003003a00d1
:105ca80010002000d05589001a0237007156810073
:105cb800f00f2000008060008000400000c022003b
:105cc8000080400090007800f00f20008080600085
:105cd80080052000808f50000a003a00d0558100ce
:105ce8000000e00004003a00005681006100100046
:105cf80000568900070237000000eb00d0558900e4
:105d08000402370071568100f00f20000080600007
:105d18008000400000c02200008040009000780011
:105d2800f00f200000806000f20f50000c003200dd
:105d380071568100f00f2000008060008000400054
:105d480000c022000080400090007800f00f200082
:105d58008080600090052000808f50000b003a0082
:105d6800d05581000000e00003003a001000200038
:105d7800f0558900e70137000000eb00f055890075
:105d88000000eb00d0558900e20137007156810010
:105d9800f00f2000008060008000400000c022005a
:105da8000080400090007800f00f20000080600024
:105db800e50f50000c00320071568100f00f2000f2
:105dc800008060008000400000c022000080400089
:105dd80090007800f00f200000806000e60f50006f
:105de80029003a000100370000000000005581003a
:105df8000000e000fdff3a000000000001558100ae
:105e080090558100808f5000fcff3600f00720007d
:105e18009055890071568100f00f200000806000c5
:105e28008000400000c02200008040009000780000
:105e3800f00f200000806000e50f500003003a00da
:105e48000000eb00705589000d0037007156810085
:105e5800f00f2000008060008000400000c0220099
:105e68000080400090007800f00f20000080600063
:105e7800e60f500002003a0010002000705589001b
:105e8800cffb0700ffff3700d05581000000e0007e
:105e98009c013a0071568100f00f200000806000dc
:105ea8008000400000c02200008040009000780080
:105eb800f00f20000081600001568100f05581003c
:105ec80080804000e0558100008040004700dd00f0
:105ed80080004100f00f20000080600010979800bb
:105ee800225681009e90900000b022000080400061
:105ef8009040780000ad2200000041000148780081
:105f0800e05581000000e0000d0032009e909000f6
:105f1800a0042000808f5000040032009e90900062
:105f2800a00c2000808f500005003a002156810007
:105f380000ad220080804000f0c2b30080487800a5
:105f48002156810000ad22000080400010407800fa
:105f5800f14f500033003a0001ad2200b0c1b30048
:105f68008048780011ad2200b0c5b30080487800a1
:105f780021ad220010c4b300804878001000200032
:105f8800305689002000200020568900d056810014
:105f98000000e0005901320030568100e20f500045
:105fa800560132006e8890000000e0000d003a00b3
:105fb80000ad2200104078000080fb00201188000e
:105fc80010ad2200104078000080fb0020118800ee
:105fd80020ad2200104078000080fb0020118800ce
:105fe800460137006e889000e20f500043013a00e6
:105ff80000ad2200104078000080fb0040138800ac
:1060080010ad2200104078000080fb00401388008b
:1060180020ad2200104078000080fb00401388006b
:10602800360137002156810000ad22000080400073
:1060380010407800f24f500033003a0001ad2200c2
:10604800b0c1b3008048780011ad2200b0c5b300dc
:106058008048780021ad220020c4b3008048780031
:1060680010002000305689002000200020568900aa
:10607800d05681000000e000200132003056810037
:10608800e20f50001d0132006e8890000000e00011
:106098000d003a0000ad2200104078000080fb009f
:1060a8002011880010ad2200104078000080fb000d
:1060b8002011880020ad2200104078000080fb00ed
:1060c800201188000d0137006e889000e20f500003
:1060d8000a013a0000ad2200104078000080fb0061
:1060e8004013880010ad2200104078000080fb00ab
:1060f8004013880020ad2200104078000080fb008b
:1061080040138800fd0037002156810000ad2200b1
:106118000080400010407800f34f500033003a00f0
:1061280001ad2200b0c1b3008048780011ad220053
:10613800b0c5b3008048780021ad220030c4b30058
:106148008048780010002000305689002000200088
:1061580020568900d05681000000e000e700320098
:1061680030568100e20f5000e40032006e88900043
:106178000000e0000d003a0000ad22001040780059
:106188000080fb002011880010ad2200104078002c
:106198000080fb002011880020ad2200104078000c
:1061a8000080fb0020118800d40037006e88900022
:1061b800e20f5000d1003a0000ad220010407800f4
:1061c8000080fb004013880010ad220010407800ca
:1061d8000080fb004013880020ad220010407800aa
:1061e8000080fb0040138800c4003700215681005e
:1061f80000ad22000080400010407800f44f5000ad
:1062080033003a0001ad2200b0c1b30080487800e5
:1062180011ad2200b0c5b3008048780021ad22003e
:1062280040c4b30080487800100020003056890030
:106238002000200020568900d05681000000e00090
:10624800ae00320030568100e20f5000ab00320041
:106258006e8890000000e0000d003a0000ad2200ba
:10626800104078000080fb002011880010ad22004b
:10627800104078000080fb002011880020ad22002b
:10628800104078000080fb00201188009b00370038
:106298006e889000e20f500098003a0000ad22008e
:1062a800104078000080fb004013880010ad2200e9
:1062b800104078000080fb004013880020ad2200c9
:1062c800104078000080fb00401388008b003700e6
:1062d8002156810000ad2200008040001040780067
:1062e800f74f500033003a0001ad2200b0c1b300af
:1062f8008048780011ad2200b0c5b300804878000e
:1063080021ad220060c4b30080487800100020004e
:10631800305689002000200020568900d056810080
:106328000000e0007500320030568100e20f500096
:10633800720032006e8890000000e0000d003a0004
:1063480000ad2200104078000080fb00201188007a
:1063580010ad2200104078000080fb00201188005a
:1063680020ad2200104078000080fb00201188003a
:10637800620037006e889000e20f50005f003a001c
:1063880000ad2200104078000080fb004013880018
:1063980010ad2200104078000080fb0040138800f8
:1063a80020ad2200104078000080fb0040138800d8
:1063b800520037002156810000ad220000804000c5
:1063c80010407800f94f500033003a0001ad220028
:1063d800b0c1b3008048780011ad2200b0c5b30049
:1063e8008048780021ad220080c4b300804878003e
:1063f8001000200030568900200020002056890017
:10640800d05681000000e0003c0032003056810088
:10641800e20f5000390032006e8890000000e00062
:106428000d003a0000ad2200104078000080fb000b
:106438002011880010ad2200104078000080fb0079
:106448002011880020ad2200104078000080fb0059
:1064580020118800290037006e889000e20f500054
:1064680026003a0000ad2200104078000080fb00b2
:106478004013880010ad2200104078000080fb0017
:106488004013880020ad2200104078000080fb00f7
:106498004013880019003700d05681000000e00042
:1064a8001600320030568100e20f5000130032000f
:1064b8006e8890000000e00007003a002156810035
:1064c80000ad220000804000104078000080fb00f2
:1064d80020118800090037006e889000e20f5000f4
:1064e80006003a002156810000ad220000804000dd
:1064f800104078000080fb00401388001000200046
:10650800405689000000eb00e05589000000eb00d0
:10651800d0558900705681000000e8007056890047
:1065280071568100f00f2000808f50000300360064
:10653800705681000010b1007056890040568100e5
:106548000000e000f9fc32000000eb004056890032
:106558007e8890000000e000230032006055810032
:106568009e0f500020003100415581000005200099
:106578008088b900800078006055810080804000e4
:106588008055810080017800110009008380d800bf
:106598008000fd00000178004155810000052000c1
:1065a8008088b900800078006055810080804000b4
:1065b8008055810080017800110009008380d8008f
:1065c8008000fd00800078000080230000804000eb
:1065d8009040780000c8b30080c0400000802300cd
:1065e8000000410001487800205681000000e000ca
:1065f80084013a0000ad220010407800fb4f5000a3
:1066080003003a0010002000205689006f0e370062
:1066180000ad220010407800e84f50000d003a000d
:1066280062558100d0cc2c000010b8004608de006e
:10663800010520008180b90000005100e10f5000e1
:10664800530e3600605581000000e900605589004e
:106658005e0e370000ad220010407800e94f500070
:106668001d003a00605581006800400060558900af
:1066780062558100d0cc2c000010b8004608de001e
:10668800010520008180b90000005100e70f50008b
:106698000b003e0062558100d0cc2c000010b800e1
:1066a8004608de00010520008180b9000000510085
:1066b8008080ea00605581000080400060558900b4
:1066c80061558100605581006700600000805000be
:1066d800605589003d0e370000ad2200104078005b
:1066e800ea4f500011003a0063558100625581005d
:1066f800d0cc2c000010b8004608de0001052000b0
:106708008180b90000005100008051006055890067
:10671800605581009e0f50001f0e310060558100aa
:106728000005b00060558900280e370000ad220032
:1067380010407800ec4f500011003a00635581007a
:1067480062558100d0cc2c000010b8004608de004d
:10675800010520008180b90000005100008051002f
:1067680060558900605581009e0f50000c0e310065
:10677800605581000005b00060558900130e370090
:1067880000ad220010407800ed4f50001e003a0086
:106798006355810062558100d0cc2c000010b800f0
:1067a8004608de00010520008180b9000000510084
:1067b8000080510060558900c05681000000e0004b
:1067c800f90d3a006355810062558100d0cc2c0048
:1067d8000010b8004608de00010520008180b900dd
:1067e800000051000080510060558900605581000b
:1067f8009e0f5000ee0d3100605581000005b0007d
:1068080060558900f10d370000ad22001040780076
:10681800ff4f50004900360000ad2200904078003c
:10682800e0c7b30080cf500044003e0060558100af
:106838009e0f50002c003900605581000005b10002
:10684800605589008155810000782000808f5000b4
:1068580014003e000000eb00700798000d003700a0
:1068680041558100000520008088b900800078002b
:106878007e009000808040000080230080804000df
:1068880000c2b300804878007e0090000000e80055
:1068980070079800fe009000f0042000808f5000e0
:1068a800efff3400405581000000e80040558900a2
:1068b80081558100d0cc2c000008b800c608de0045
:1068c80040558100808f500007003e0042558100ee
:1068d80081558100d0cc2c000008b8004608de00a5
:1068e80000005100405589004155810000052000f5
:1068f8008088b90080007800605581008080400061
:106908008055810000017800110009008280d800bc
:106918008000fd000001780000ad22009040780062
:106928000080230000004100014878006055810084
:106938000000e80060558900a40d370000ad220072
:1069480090407800f0c7b30080cf500010003a00a4
:10695800c05681000000e000970d3a0062558100a2
:10696800d0cc2c000010b8004608de00010520003d
:106978008180b90000005100e10f5000900d3600f1
:10698800605581000000e900605589008f0d3700cf
:1069980000ad2200104078000004e00049003d00ee
:1069a80000ad220090407800f0c9b30080cf5000bd
:1069b80044003e00605581009e0f50002c003900b5
:1069c800605581000005b10060558900815581003e
:1069d80000782000808f500014003e000000eb007b
:1069e800000f98000d003700415581000005200078
:1069f8008088b900800078000e08900080804000f0
:106a0800008023008080400000c2b30080487800e6
:106a18000e0890000000e800000f98008e08900013
:106a2800f0042000808f5000efff340040558100b3
:106a38000000e8004055890081558100d0cc2c0029
:106a48000008b800c608de0040558100808f50005d
:106a580007003e004255810081558100d0cc2c00b2
:106a68000008b8004608de000000510040558900c3
:106a780041558100000520008088b9008000780019
:106a88006055810080804000805581008001780039
:106a9800110009008380d8008000fd000001780003
:106aa80000ad2200904078000080230000004100e3
:106ab80001487800605581000000e80060558900b1
:106ac800420d370000ad220090407800f0c9b300b5
:106ad80080cf50004800360000ad220010407800fa
:106ae800e14f400044003200605581009e0f500085
:106af8002c003900605581000005b10060558900ff
:106b08008155810000782000808f500014003e00dd
:106b18000000eb00100f98000d0037004155810070
:106b2800000520008088b900800078001e089000c9
:106b380080804000008023008080400000c2b300b5
:106b4800804878001e0890000000e800100f9800a8
:106b58009e089000f0042000808f5000efff340062
:106b6800405581000000e8004055890081558100aa
:106b7800d0cc2c000008b800c608de0040558100c3
:106b8800808f500007003e004255810081558100ea
:106b9800d0cc2c000008b8004608de0000005100e8
:106ba8004055890041558100000520008088b900c2
:106bb8008000780060558100808040008055810009
:106bc80000017800110009008280d8008000fd00d3
:106bd8000001780000ad220090407800008023007a
:106be8000000410001487800605581000000e8007d
:106bf80060558900f50c370000ad22001040780080
:106c0800f20c370020568100e10f500019003a00bd
:106c180010ad220090407800b0c5b30080cf50007e
:106c280005003a001000200030568900200020009e
:106c380020568900e50c370010ad220090407800fe
:106c4800b0c3b30080cf500005003a0020002000f8
:106c5800305689002000200020568900db0c3700c0
:106c68000000eb00305689000000eb002056890038
:106c7800d60c370020568100e10f5000b9073600c6
:106c880030568100e10f5000b6073a0021568100c6
:106c980000ad2200008040009040780000c4b3009e
:106ca80080cf5000070036002156810000ad220039
:106cb8000080400090407800a0c5b30080cf50000d
:106cc800110036002156810000ad220000804000ee
:106cd8009040780000c6b30080cf5000070036000f
:106ce8002156810000ad22000080400090407800cd
:106cf800a0c7b30080cf50000300360020568100a3
:106d0800e60f50008c0736002156810000ad2200a6
:106d1800008040009040780010c4b30080cf50003d
:106d28004d003a0020568100e30f50000c0032005d
:106d3800e40f500024003200e20f500052073a00de
:106d480061558100f0042000808f50005007360004
:106d5800605581000005b100605589007107370052
:106d6800205681008000e90000ad2200008040002c
:106d7800104078000080fb000003b10020979800c5
:106d88000000eb00200f98000a00370061558100d1
:106d9800f0042000808f5000030036006055810009
:106da8000005b100605589002e0890000000e80039
:106db800200f9800ae0890002e909000808f500011
:106dc800f2ff350057073700205681008080e90020
:106dd80000ad220000804000104078000080fb00d9
:106de800ea00b90002e22f000001410020568100ac
:106df8008000e90000ad22000080400010407800cb
:106e08000080fb000003b1000000410030979800ab
:106e18000000eb00300f98000a0037006155810030
:106e2800f0042000808f5000030036006055810078
:106e38000005b100605589003e0890000000e80098
:106e4800300f9800be0890003e909000808f500050
:106e5800f2ff3500330737002156810000ad2200cc
:106e6800008040009040780020c4b30080cf5000dc
:106e780050003a0020568100e30f50000d00320008
:106e8800e40f500026003200e20f500002073a00db
:106e980003fb2f009e80410060558100808f5000c9
:106ea800ff063600605581000005b0006055890076
:106eb8001c073700205681008000e90000ad220041
:106ec80000804000104078000080fb000003b10003
:106ed800409798000000eb00400f98000b00370027
:106ee80002fb2f009e00410060558100808f5000fa
:106ef80003003600605581000005b0006055890028
:106f08004e0890000000e800400f9800ce0890005e
:106f18004e909000808f5000f1ff35000107370038
:106f2800205681008080e90000ad220000804000ea
:106f3800104078000080fb00ea00b90002e22f0050
:106f480000014100205681008000e90000ad2200c8
:106f580000804000104078000080fb000003b10072
:106f680000004100509798000000eb00500f980077
:106f78000b00370003fb2f009e8041006055810005
:106f8800808f500003003600605581000005b00076
:106f9800605589005e0890000000e800500f9800d6
:106fa800de0890005e909000808f5000f1ff350061
:106fb800dc0637002156810000ad22000080400029
:106fc8009040780030c4b30080cf50005f003a0092
:106fd80020568100e30f500012003200e40f5000e9
:106fe80030003200e20f5000af063a0062558100cf
:106ff800d0cc2c000010b800c608de000005200028
:107008008088b90080005100e0042000808f500083
:10701800a7063e00605581000000e8006055890021
:10702800c0063700205681008000e90000ad22002c
:1070380000804000104078000080fb000003b10091
:10704800609798000000eb00600f98001000370070
:1070580062558100d0cc2c000010b800c608de00b4
:10706800000520008088b90080005100e00420005d
:10707800808f500003003e00605581000000e8004a
:10708800605589006e0890000000e800600f9800c5
:10709800ee0890006e909000808f5000ecff350055
:1070a800a0063700205681008080e90000ad22004c
:1070b80000804000104078000080fb00ea00b90022
:1070c80002e22f0000014100205681008000e90003
:1070d80000ad220000804000104078000080fb00d6
:1070e8000003b10000004100709798000000eb0019
:1070f800700f98001000370062558100d0cc2c002a
:107108000010b800c608de00000520008088b9001d
:1071180080005100e0042000808f500003003e00f2
:10712800605581000000e800605589007e089000e5
:107138000000e800700f9800fe0890007e90900014
:10714800808f5000ecff350076063700215681000d
:1071580000ad2200008040009040780040c4b30099
:1071680080cf50005c003a0020568100e30f5000a9
:1071780011003200e40f50002e003200e20f5000e0
:107188004d063a0062558100d0cc2c000010b800a2
:107198004608de00010520008180b900000051008a
:1071a8000000e00046063200605581000000e9005a
:1071b800605589005b063700205681008000e90091
:1071c80000ad220000804000104078000080fb00e5
:1071d8000003b100009f98000000eb000017980022
:1071e8000f00370062558100d0cc2c000010b80089
:1071f8004608de00010520008180b900000051002a
:107208000000e00003003200605581000000e90042
:10721800605589000e1090000000e80000179800e3
:107228008e1090000e989000808f5000edff350072
:107238003c063700205681008080e90000ad22001e
:1072480000804000104078000080fb00ea00b90090
:1072580002e22f0000014100205681008000e90071
:1072680000ad220000804000104078000080fb0044
:107278000003b10000004100109f98000000eb00df
:10728800101798000f00370062558100d0cc2c00f1
:107298000010b8004608de00010520008180b90012
:1072a800000051000000e00003003200605581003a
:1072b8000000e900605589001e1090000000e800f9
:1072c800101798009e1090001e989000808f500014
:1072d800edff3500130637002156810000ad22006e
:1072e800008040009040780050c4b30080cf500028
:1072f80071003a0020568100e30f50001800320058
:10730800e40f50003c003200e20f5000ee053a0056
:107318006355810062558100d0cc2c000010b80064
:107328004608de00010520008180b90000005100f8
:1073380000805100605589008055810001fb2f00b5
:107348008080400060558100808f5000e005360045
:10735800605581000005b00060558900f1053700cf
:10736800205681008000e90000ad22000080400026
:10737800104078000080fb000003b100209f9800b7
:107388000000eb00201798001600370063558100b5
:1073980062558100d0cc2c000010b8004608de00f1
:1073a800010520008180b9000000510000805100d3
:1073b800605589008055810001fb2f0080804000c6
:1073c80060558100808f50000300360060558100b1
:1073d8000005b000605589002e1090000000e800fc
:1073e80020179800ae1090002e989000808f5000c3
:1073f800e6ff3500cb053700205681008080e90084
:1074080000ad220000804000104078000080fb00a2
:10741800ea00b90002e22f00000141002056810075
:107428008000e90000ad2200008040001040780094
:107438000080fb000003b10000004100309f98006d
:107448000000eb00301798001600370063558100e4
:1074580062558100d0cc2c000010b8004608de0030
:10746800010520008180b900000051000080510012
:10747800605589008055810001fb2f008080400005
:1074880060558100808f50000300360060558100f0
:107498000005b000605589003e1090000000e8002b
:1074a80030179800be1090003e989000808f5000d2
:1074b800e6ff35009b0537002156810000ad22000c
:1074c800008040009040780060c4b30080cf500036
:1074d8006b003a0020568100e30f5000160032007e
:1074e800e40f500038003200e20f50007a053a00ed
:1074f8006355810062558100d0cc2c000010b80083
:107508004608de00010520008180b9000000510016
:10751800008051006055890061558100f004200009
:10752800808f50006e053600605581000005b1005f
:10753800605589007b053700205681008000e900ee
:1075480000ad220000804000104078000080fb0061
:107558000003b100409f98000000eb00401798001e
:10756800140037006355810062558100d0cc2c008f
:107578000010b8004608de00010520008180b9002f
:10758800000051000080510060558900615581005c
:10759800f0042000808f5000030036006055810001
:1075a8000005b100605589004e1090000000e80009
:1075b80040179800ce1090004e989000808f500091
:1075c800e8ff350057053700205681008080e90024
:1075d80000ad220000804000104078000080fb00d1
:1075e800ea00b90002e22f000001410020568100a4
:1075f8008000e90000ad22000080400010407800c3
:107608000080fb000003b10000004100509f98007b
:107618000000eb00501798001400370063558100f4
:1076280062558100d0cc2c000010b8004608de005e
:10763800010520008180b900000051000080510040
:107648006055890061558100f0042000808f50004a
:1076580003003600605581000005b10060558900bf
:107668005e1090000000e80050179800de109000af
:107678005e989000808f5000e8ff3500290537009c
:107688002156810000ad2200008040009040780023
:1076980070c4b30080cf50004b003a0020568100e0
:1076a800e30f50000f003200e40f500024003200b6
:1076b800e20f50000c053a006355810062558100c5
:1076c800d0cc2c000010b8004608de0001052000d0
:1076d8008180b90000005100008051006055890088
:1076e80010053700205681008000e90000ad220017
:1076f80000804000104078000080fb000003b100cb
:10770800609f98006355810062558100d0cc2c00a1
:107718000010b8004608de00010520008180b9008d
:1077280000005100008051006055890061558100ba
:107738006e9890000080400060558900f904370079
:10774800205681008080e90000ad220000804000c2
:10775800104078000080fb00ea00b90002e22f0028
:1077680000014100205681008000e90000ad2200a0
:1077780000804000104078000080fb000003b1004a
:1077880000004100709f9800635581006255810098
:10779800d0cc2c000010b8004608de0001052000ff
:1077a8008180b900000051000080510060558900b7
:1077b800615581007e9890000080400060558900e6
:1077c80000000000d70437002156810000ad2200d8
:1077d800008040009040780080c4b30080cf500003
:1077e800a2013a0020568100e40f50002400320024
:1077f800e40f500005003e00e20f50000a0032007e
:10780800e30f50000b003200c6043700e60f5000ab
:10781800f1003200e60f50007b003900e70f5000fe
:1078280059013200bf0437000000eb0060558900a1
:10783800bc043700205681008000e90000ad22001a
:1078480000804000104078000080fb000003b10079
:10785800601798006e1090000000e00002003c00e5
:1078680010002000601798006e1090008000e9005a
:10787800000520008088b90060558900a9043700f8
:10788800205681008080e90000ad22000080400081
:1078980090407800b0c3b30080cf5000260032007b
:1078a800205681008000e90000ad220000804000e1
:1078b80090407800b0c3b30080cf50001e00320063
:1078c800205681008080e90000ad22000080400041
:1078d800104078000080fb00ea00b90002e22f00a7
:1078e80000014100205681008000e90000ad22001f
:1078f80000804000104078000080fb000003b100c9
:1079080000004100701798007e1090000000e00011
:1079180002003c0010002000701798007e109000b4
:107928008000e900000520008088b90060558900c2
:10793800000000007b043700205681008080e900a9
:1079480000ad22000080400090407800b0c3b30032
:1079580080cf500011003a00205681008000e900d5
:1079680000ad220000804000104078000080fb003d
:107978000003b100001f98000e1890000000e000fe
:1079880002003c0010002000001f98000e18900014
:107998000000e90060558900620437002056810024
:1079a8008000e90000ad220000804000904078008f
:1079b800b0c3b30080cf50004d043a002056810078
:1079c8008080e90000ad220000804000104078006f
:1079d8000080fb000003b100101f98001e189000e3
:1079e8000000e00002003c0010002000101f98007a
:1079f8001e1890008000e900000520008088b9006a
:107a0800605589004704370020568100e300500084
:107a180000ad22000080400090407800b0c3b30061
:107a280080cf50001b003a00205681008080e9007a
:107a380000ad220000804000104078000080fb006c
:107a4800ea00b90002e22f0000014100205681003f
:107a58008000e90000ad220000804000104078005e
:107a68000080fb000003b10000004100201f9800c7
:107a78002e1890000000e00002003c0010002000da
:107a8800201f98002e1890000000e900605589001a
:107a980024043700205681008080e90000ad2200d0
:107aa8000080400090407800b0c3b30080cf500001
:107ab80024003a0020568100e300500000ad220067
:107ac80000804000104078000080fb000003b100f7
:107ad800301f98003e1890000000e00002003c00b3
:107ae80010002000301f9800205681008000e90017
:107af80000ad220000804000104078000080fb00ac
:107b08000003b100401f98004e1890000000e000ec
:107b180002003c0010002000401f98003e18900012
:107b28008000e900000520008088b9008000780006
:107b38004e1890000000e900008040006055890060
:107b4800f8033700205681008000e90000ad2200cc
:107b58000080400090407800b0c3b30080cf500050
:107b6800e5033a0020568100e300500000ad2200f2
:107b780000804000104078000080fb00ea00b90057
:107b880002e22f0000014100205681008080e900b8
:107b980000ad220000804000104078000080fb000b
:107ba8000003b10000004100501f98005e189000cb
:107bb8000000e00002003c0010002000501f980068
:107bc8005e1890008000e900000520008088b90058
:107bd80060558900d303370020568100e300500028
:107be80000ad22000080400090407800b0c3b30090
:107bf80080cf50002e003a0020568100e40050004b
:107c080000ad220000804000104078000080fb009a
:107c18000003b100601f98006e1890000000e0009b
:107c280002003c0010002000601f980020568100d0
:107c38008080e90000ad22000080400010407800fc
:107c48000080fb00ea00b90002e22f0000014100b9
:107c5800205681008000e90000ad2200008040002d
:107c6800104078000080fb000003b10000004100d4
:107c7800701f98007e1890000000e00002003c0091
:107c880010002000701f98006e1890008000e90016
:107c9800000520008088b900800078007e189000d8
:107ca8000000e90000804000605589009d0337000e
:107cb800205681008080e90000ad2200008040004d
:107cc80090407800b0c3b30080cf50008c033a00d6
:107cd80020568100e400500000ad220000804000e2
:107ce800104078000080fb00ea00b90002e22f0093
:107cf8000001410020568100e300500000ad220041
:107d080000804000104078000080fb000003b100b4
:107d180000004100002798000e2090000000e000bd
:107d280002003c0010002000002798002056810027
:107d38008000e90000ad220000804000104078007b
:107d48000080fb000003b100102798001e2090005f
:107d58000000e00002003c001000200010279800fe
:107d68000e2090008000e900000520008088b900fe
:107d7800800078001e2090000000e900008040008c
:107d8800605589006703370020568100e5005000e0
:107d980000ad220000804000104078000080fb0009
:107da800ea00b90002e22f000001410020568100dc
:107db800e400500000ad2200008040001040780030
:107dc8000080fb000003b10000004100202798005c
:107dd8002e2090000000e00002003c00100020006f
:107de80020279800205681008080e90000ad2200fd
:107df80000804000104078000080fb00ea00b900d5
:107e080002e22f0000014100205681008000e900b5
:107e180000ad220000804000104078000080fb0088
:107e28000003b10000004100302798003e20900078
:107e38000000e00002003c001000200030279800fd
:107e48002e2090008000e900000520008088b900fd
:107e5800800078003e2090000000e900008040008b
:107e680060558900000000002e033700215681006c
:107e780000ad22000080400090407800a0c4b3000c
:107e880080cf500064003a0020568100e20f500075
:107e980003003200e30f50002000320021033700b6
:107ea800605581004027980008003700ce209000d8
:107eb800008023008080400000c2b3008048780022
:107ec8004e2090000000e800402798004e209000c7
:107ed8009e0f5000f5ff3900415581000005200034
:107ee8008088b9008000780060558100808040005b
:107ef8008055810000017800110009008280d800b7
:107f08008000fd0080007800008023008080400011
:107f180000cab30080487800020337002056810069
:107f28008000e90000ad2200008040001040780089
:107f38000080fb000003b10000a798000ea090008d
:107f48000000e0000f003a006055810050279800bb
:107f580008003700de209000008023008080400069
:107f680000c2b300804878005e2090000000e8005e
:107f7800502798005e2090009e0f5000f5ff3900b2
:107f8800e80237000ea09000e10f500010003a0000
:107f98000000eb006027980008003700ee209000f2
:107fa800008023008080400000c2b3008048780031
:107fb8006e2090000000e80060279800ee209000f6
:107fc80060558100808f5000f4ff3600d5023700dd
:107fd8000ea09000e20f5000cb023a000000eb0028
:107fe8007027980008003700fe20900000802300ca
:107ff8008080400000c2b300804878007e20900056
:108008000000e800702798007e2090009e0f500026
:10801800f5ff3900c30237002156810000ad220068
:108028000080400090407800b0c4b30080cf50007a
:1080380083003a0020568100e20f5000030032000e
:10804800e30f500015003200b6023700605581007a
:10805800002f9800080037008e2890000080230029
:108068008080400000c2b300804878000e2890004d
:108078000000e800002f98008e28900000052000de
:1080880080017800110009008300d8008000fd00fd
:108098000000e000f0ff3a00a202370020568100fd
:1080a8008000e90000ad2200008040001040780008
:1080b8000080fb000003b10010a798001ea09000ec
:1080c8000000e00014003a0060558100102f98006d
:1080d800080037009e289000008023008080400020
:1080e80000c2b300804878001e2890000000e80015
:1080f800102f98009e2890000005200000017800ad
:10810800110009008200d8008000fd000000e00096
:10811800f0ff3a00830237001ea09000e10f5000e4
:1081280028003a006355810062558100d0cc2c00ac
:108138000010b8004608de00010520008180b90063
:108148000000510000805100202f980008003700df
:10815800ae289000008023008080400000c2b30059
:10816800804878002e2890000000e800202f980012
:10817800ae28900060558100808f5000f4ff3a00cf
:1081880041558100000520008088b90080007800f2
:108198006055810080804000805581008001780012
:1081a800110009008380d8008000fd00800078005d
:1081b800008023008080400000c2b300804878001f
:1081c800580237001ea09000e20f500050023a00fb
:1081d8006355810062558100d0cc2c000010b80096
:1081e8004608de00010520008180b900000051002a
:1081f80000805100302f980008003700be289000fa
:10820800008023008080400000c2b30080487800ce
:108218003e2890000000e800302f9800be2890000b
:108228000005200000017800110009008200d80034
:108238008000fd000000e000f0ff3a00390237003e
:108248002156810000ad2200008040009040780057
:1082580030c5b30080cf50000a013a002056810093
:10826800e30f500034003200e30f500003003e00db
:10827800e20f5000060032002a023700e40f5000d7
:1082880069003200e50f5000ad00320025023700ca
:108298008155810000782000808f500014003e0036
:1082a8000000eb00402f98000d0037004155810079
:1082b800000520008088b900800078004e289000d2
:1082c80080804000008023008080400000c2b3000e
:1082d800804878004e2890000000e800402f980061
:1082e800ce289000f0042000808f5000efff34006b
:1082f800405581000000e800405589008155810003
:10830800d0cc2c000008b800c608de00405581001b
:10831800808f500000023e00425581008155810047
:10832800d0cc2c000008b8004608de000000510040
:1083380040558900fb013700205681008000e90084
:1083480000ad220000804000104078000080fb0053
:108358000003b10020a798000000eb00502f980000
:108368002c0037008155810000782000808f500054
:1083780014003e000000eb00602f98000d0037004d
:1083880041558100000520008088b90080007800f0
:108398006e2890008080400000802300808040008c
:1083a80000c2b300804878006e2890000000e80002
:1083b800602f9800ee289000f0042000808f500075
:1083c800efff3400405581000000e8004055890067
:1083d80081558100d0cc2c000008b800c608de000a
:1083e80040558100808f500007003e0042558100b3
:1083f80081558100d0cc2c000008b8004608de006a
:1084080000005100405589005e2890000000e800f7
:10841800502f9800de2890002ea09000808f5000ea
:10842800d0ff3500bf013700205681008080e90069
:1084380000ad220000804000104078000080fb0062
:10844800ea00b90002e22f00000141002056810035
:108458008000e90000ad2200008040001040780054
:108468000080fb000003b1000000410030a7980025
:108478000000eb00702f98002c0037008155810018
:1084880000782000808f500014003e000000eb00b0
:10849800003798000d003700415581000005200085
:1084a8008088b900800078000e30900080804000fd
:1084b800008023008080400000c2b300804878001c
:1084c8000e3090000000e800003798008e309000d1
:1084d800f0042000808f5000efff340040558100e9
:1084e8000000e8004055890081558100d0cc2c005f
:1084f8000008b800c608de0040558100808f500093
:1085080007003e004255810081558100d0cc2c00e7
:108518000008b8004608de000000510040558900f8
:108528007e2890000000e800702f9800fe28900038
:108538003ea09000808f5000d0ff350079013700b1
:1085480020568100e300500000ad2200008040006a
:10855800104078008080fb00400620008088b90029
:108568008000780000d42e00008140002056810051
:108578008080e90000ad22000080400010407800b3
:108588000080fb00ea00b900001eb10000014100b4
:10859800205681008000e90000ad220000804000e4
:1085a800104078000080fb000003b100000041008b
:1085b80040a798000000eb00103798002c00370007
:1085c8008155810000782000808f500014003e0003
:1085d8000000eb00203798000d003700415581005e
:1085e800000520008088b900800078002e309000b7
:1085f80080804000008023008080400000c2b300db
:10860800804878002e3090000000e800203798005d
:10861800ae309000f0042000808f5000efff34004f
:10862800405581000000e8004055890081558100cf
:10863800d0cc2c000008b800c608de0040558100e8
:10864800808f500007003e0042558100815581000f
:10865800d0cc2c000008b8004608de00000051000d
:10866800405589001e3090000000e800103798003f
:108678009e3090004ea09000808f5000d0ff3500b3
:10868800280137002156810000ad220000804000fb
:108698009040780040c5b30080cf500021013a00d7
:1086a80020568100e30f500030003200e30f5000e5
:1086b80003003e00e20f50000600320019013700a7
:1086c800e40f500061003200e50f5000a1003200b5
:1086d80014013700405581000000e00007003a000f
:1086e80081558100d0cc2c000008b8004608de0077
:1086f8000000e9004055890003003700405581001b
:108708000000e9004055890081558100007820006b
:10871800808f500002013e000000eb0030379800c7
:108728000d00370041558100000520008088b90000
:10873800800078003e309000808040000080230058
:108748008080400000c2b300804878003e3090002e
:108758000000e80030379800be309000f004200098
:10876800808f5000efff3400ee0037002056810064
:108778008000e90000ad2200008040001040780031
:108788000080fb000003b10050a798000000eb0038
:108798004037980028003700405581000000e0006d
:1087a80007003a0081558100d0cc2c000008b800a1
:1087b8004608de000000e900405589000300370044
:1087c800405581000000e90040558900815581002d
:1087d80000782000808f500014003e000000eb005d
:1087e800503798000d0037004155810000052000e2
:1087f8008088b900800078005e309000808040005a
:10880800008023008080400000c2b30080487800c8
:108818005e3090000000e80050379800de3090008d
:10882800f0042000808f5000efff34004e3090009d
:108838000000e80040379800ce3090005ea090001d
:10884800808f5000d4ff3500b600370020568100d5
:108858008080e90000ad22000080400010407800d0
:108868000080fb00ea00b90002e22f00000141008d
:10887800205681008000e90000ad22000080400001
:10888800104078000080fb000003b10000004100a8
:1088980060a798000000eb006037980028003700b8
:1088a800405581000000e00007003a008155810032
:1088b800d0cc2c000008b8004608de000000e90013
:1088c8004055890003003700405581000000e90049
:1088d800405589008155810000782000808f500024
:1088e80014003e000000eb00703798000d003700c0
:1088f80041558100000520008088b900800078007b
:108908007e309000808040000080230080804000fe
:1089180000c2b300804878007e3090000000e80074
:1089280070379800fe309000f0042000808f5000cf
:10893800efff34006e3090000000e80060379800c8
:10894800ee3090006ea09000808f5000d4ff35006c
:108958007400370020568100e300500000ad22006b
:1089680000804000104078008080fb004006200016
:108978008088b9008000780000d42e000081400073
:10898800205681008080e90000ad22000080400070
:10899800104078000080fb00ea00b900001eb1001a
:1089a80000014100205681008000e90000ad22004e
:1089b80000804000104078000080fb000003b100f8
:1089c8000000410070a798000000eb00003f9800ed
:1089d80028003700405581000000e00007003a00f9
:1089e80081558100d0cc2c000008b8004608de0074
:1089f8000000e90040558900030037004055810018
:108a08000000e90040558900815581000078200068
:108a1800808f500014003e000000eb00103f9800cb
:108a28000d00370041558100000520008088b900fd
:108a3800800078001e38900080804000008023006d
:108a48008080400000c2b300804878001e38900043
:108a58000000e800103f98009e389000f0042000c5
:108a6800808f5000efff34000e3890000000e800bf
:108a7800003f98008e3890007ea09000808f5000b4
:108a8800d4ff35002700370000000000250037001c
:108a9800000000002300370000000000210037001c
:108aa800000000001f003700000000001d00370014
:108ab800000000001b00370000000000190037000c
:108ac8000000000017003700000000001500370004
:108ad80000000000130037000000000011003700fc
:108ae800000000000f003700000000000d003700f4
:108af800000000000b0037000000000009003700ec
:108b080000000000070037000000000005003700e3
:108b180000000000030037000000000001003700db
:108b2800000000000000eb00305689000000eb0058
:108b38002056890025053700205681000000e800ee
:108b48002056890020568100e70f50001e05360088
:108b58000000eb00305689000000eb002056890029
:108b68001a05370020568100e10f5000170536001e
:108b780030568100e20f500014053a00205681005b
:108b8800e20f5000b4023a0020ad22009040780075
:108b980080c4b30080cf5000af023a006355810013
:108ba80062558100d0cc2c000010b8004608de00c9
:108bb800010520008180b9000000510000805100ab
:108bc800605589000000eb00203f98009a023700aa
:108bd8002e3890006101b900d0002000010020006b
:108be800800f5100818f590007023e0002060100e4
:108bf8000d0037003000370053003700760037008b
:108c080099003700bc003700df0037000201370049
:108c180025013700480137006b0137008e01370006
:108c2800b1013700d40137000000eb00303f980055
:108c38001c003700be399000231799003e38900079
:108c48004f80de003017990001e02000411799009d
:108c580012102000521799004e109100de1091005a
:108c68002e119100be119100000041008180490041
:108c78009201800000f0a4008180d20001d0fe00a3
:108c88001040780002d0fe00804078003e38900006
:108c9800000db000017778003e3890000000e80031
:108ca800303f9800be389000f0042000808f5000bc
:108cb800e0ff3400d50137000000eb00403f98008a
:108cc8001c003700ce399000631799004e38900089
:108cd8004f80de007017990001e52000011f990000
:108ce80012102000121f99000e1891009e18910072
:108cf8006e119100fe119100000041008180490031
:108d08009201800000f0a4008180d20001d0fe0012
:108d18001040780002d0fe00804078004e38900065
:108d2800000db000017778004e3890000000e80090
:108d3800403f9800ce389000f0042000808f50000b
:108d4800e0ff3400b10137000000eb00503f98000d
:108d58001c003700de399000231f99005e38900010
:108d68004f80de00301f990001ea2000411f990062
:108d780012102000521f99004e189100de18910021
:108d88002e199100be199100000041008180490010
:108d98009201800000f0a4008180d20001d0fe0082
:108da8001040780002d0fe00804078005e389000c5
:108db800000db000017778005e3890000000e800f0
:108dc800503f9800de389000f0042000808f50005b
:108dd800e0ff34008d0137000000eb00603f980091
:108de8001c003700ee399000631f99006e38900020
:108df8004f80de00701f990001ef200001279900c5
:108e080012102000122799000e2091009e20910038
:108e18006e199100fe1991000000410081804900ff
:108e28009201800000f0a4008180d20001d0fe00f1
:108e38001040780002d0fe00804078006e38900024
:108e4800000db000017778006e3890000000e8004f
:108e5800603f9800ee389000f0042000808f5000aa
:108e6800e0ff3400690137000000eb00703f980014
:108e78001c003700fe399000232799007e389000a7
:108e88004f80de003027990001f420004127990027
:108e980012102000522799004e209100de209100e8
:108ea8002e219100be2191000000410081804900df
:108eb8009201800000f0a4008180d20001d0fe0061
:108ec8001040780002d0fe00804078007e38900084
:108ed800000db000017778007e3890000000e800af
:108ee800703f9800fe389000f0042000808f5000fa
:108ef800e0ff3400450137000000eb0000879800d0
:108f08001c0037008e819000632799000e80900026
:108f18004f80de007027990001f92000012f990089
:108f280012102000122f99000e2891009e289100ff
:108f38006e219100fe2191000000410081804900ce
:108f48009201800000f0a4008180d20001d0fe00d0
:108f58001040780002d0fe00804078000e8090001b
:108f6800000db000017778000e8090000000e80046
:108f7800008798008e809000f0042000808f5000b9
:108f8800e0ff3400210137000000eb001087980053
:108f98001c0037009e819000232f99001e809000ae
:108fa8004f80de00302f990001fe2000412f9900ec
:108fb80012102000522f99004e289100de289100af
:108fc8002e299100be2991000000410081804900ae
:108fd8009201800000f0a4008180d20001d0fe0040
:108fe8001040780002d0fe00804078001e8090007b
:108ff800000db000017778001e8090000000e800a6
:10900800108798009e809000f0042000808f500008
:10901800e0ff3400fd0037000000eb0020879800d7
:109028001c003700ae819000632f99002e809000bd
:109038004f80de00702f990001032100013799004d
:1090480012102000123799000e3091009e309100c6
:109058006e299100fe29910000004100818049009d
:109068009201800000f0a4008180d20001d0fe00af
:109078001040780002d0fe00804078002e809000da
:10908800000db000017778002e8090000000e80005
:1090980020879800ae809000f0042000808f500058
:1090a800e0ff3400d90037000000eb00308798005b
:1090b8001c003700be819000233799003e80900045
:1090c8004f80de00303799000108210041379900b0
:1090d80012102000523799004e309100de30910076
:1090e8002e319100be31910000004100818049007d
:1090f8009201800000f0a4008180d20001d0fe001f
:109108001040780002d0fe00804078003e80900039
:10911800000db000017778003e8090000000e80064
:1091280030879800be809000f0042000808f5000a7
:10913800e0ff3400b50037000000eb0040879800de
:109148001c003700ce819000633799004e80900054
:109158004f80de0070379900010d2100013f990012
:1091680012102000123f99000e3891009e3891008d
:109178006e319100fe31910000004100818049006c
:109188009201800000f0a4008180d20001d0fe008e
:109198001040780002d0fe00804078004e80900099
:1091a800000db000017778004e8090000000e800c4
:1091b80040879800ce809000f0042000808f5000f7
:1091c800e0ff3400910037000000eb005087980062
:1091d8001c003700de819000233f99005e809000dc
:1091e8004f80de00303f990001122100413f990075
:1091f80012102000523f99004e389100de3891003d
:109208002e399100be39910000004100818049004b
:109218009201800000f0a4008180d20001d0fe00fd
:109228001040780002d0fe00804078005e809000f8
:10923800000db000017778005e8090000000e80023
:1092480050879800de809000f0042000808f500046
:10925800e0ff34006d0037000000eb0060879800e5
:109268001c003700ee819000633f99006e809000eb
:109278004f80de00703f9900011721000187990097
:1092880012102000128799000e8091009e80910094
:109298006e399100fe39910000004100818049003b
:1092a8009201800000f0a4008180d20001d0fe006d
:1092b8001040780002d0fe00804078006e80900058
:1092c800000db000017778006e8090000000e80083
:1092d80060879800ee809000f0042000808f500096
:1092e800e0ff3400490037000000eb007087980069
:1092f8001c003700fe819000238799007e80900033
:109308004f80de0030879900011c210041879900b9
:1093180012102000528799004e809100de80910043
:109328002e819100be81910000004100818049009a
:109338009201800000f0a4008180d20001d0fe00dc
:109348001040780002d0fe00804078007e809000b7
:10935800000db000017778007e8090000000e800e2
:1093680070879800fe809000f0042000808f5000e5
:10937800e0ff3400250037000000eb00008f980064
:109388001c0037008e899000638799000e88900032
:109398004f80de007087990001212100018f99001c
:1093a80012102000128f99000e8891009e8891005b
:1093b8006e819100fe81910000004100818049008a
:1093c8009201800000f0a4008180d20001d0fe004c
:1093d8001040780002d0fe00804078000e8890008f
:1093e800000db000017778000e8890000000e800ba
:1093f800008f98008e889000f0042000808f500025
:10940800e0ff340001003700000000000000eb001e
:10941800108f980081003700415581000005200019
:109428008088b90080007800605581008080400005
:109438008055810080017800110009008380d800e0
:109448008000fd00000178001e889000000db0002b
:10945800ee407800008023000000410001487800b9
:10946800d05681000000e000370032006e8890007e
:109478000000e00019003a00000000001011800010
:109488004900de00614060000080fb000000e00051
:10949800faff3c0041558100000520008088b90092
:1094a80080007800605581008080400080558100f0
:1094b80000017800110009008280d8008000fd00ba
:1094c8008000780000802300008040001040780071
:1094d8000080fb00201188001b0037006e88900078
:1094e800e20f500018003a0000000000001380004e
:1094f8000000d100614060000080fb000000e00037
:10950800faff3c0041558100000520008088b90021
:10951800800078006055810080804000805581007f
:1095280080017800110009008380d8008000fd00c8
:109538008000780000802300008040001040780000
:109548000080fb0040138800605581009e0f50008a
:109558002c003900605581000005b1006055890074
:109568008155810000782000808f500014003e0053
:109578000000eb00208f98000d0037004155810056
:10958800000520008088b900800078002e889000af
:1095980080804000008023008080400000c2b3002b
:1095a800804878002e8890000000e800208f9800fe
:1095b800ae889000f0042000808f5000efff340048
:1095c800405581000000e800405589008155810020
:1095d800d0cc2c000008b800c608de004055810039
:1095e800808f500007003e00425581008155810060
:1095f800d0cc2c000008b8004608de00000051005e
:1096080040558900605581000000e80060558900d8
:109618001e8890000000e800108f98009e88900037
:10962800f0042000808f50007bff34002e3890001b
:109638000000e800203f98002e389000ec0f500002
:1096480063fd34000000eb00305689000000eb0099
:10965800205689005d02370020568100e20f500035
:109668002a003a0020ad22009040780040c5b3009f
:1096780080cf500025003a000000eb0070558900ab
:1096880081708000f00f20008080600000f02700cb
:109698000100700080708800122eef008155810053
:1096a80000782000808f50000a003a000000eb008c
:1096b8004055890000e8230080558900007d20007e
:1096c800000f780001fb2f001e80400060558900c4
:1096d800090037000000eb004055890000782000a1
:1096e8008055890000782000000f780002fb2f00c9
:1096f8001e004100605589000000eb0030568900cb
:109708000000eb0020568900300237002056810007
:10971800e30f50002f003a0030ad2200904078004f
:1097280040c5b30080cf50002a003a000000eb008b
:109738007055890081708000f00f200080806000e3
:1097480000f027000100700080708800122eef00e2
:10975800205681008000e90000ad22000080400012
:10976800104078000080fb000003b1000000e0001a
:109778000a0034000000eb004055890000e823008f
:1097880080558900007d2000000f780003fb2f0022
:109798001e80410060558900090037000000eb0079
:1097a8004055890000782000805589000078200005
:1097b800000f780001fb2f001e80400060558900d3
:1097c8000000eb00305689000000eb0020568900ad
:1097d800fe01370020568100e20f500016003a00c3
:1097e80020ad22009040780030c4b30080cf5000f4
:1097f80011003a00f02f2000905589001000200039
:10980800705589000000eb00505589008170800078
:10981800f00f20000080600000f0a0008070880039
:10982800122eef000000eb00305689000000eb001c
:1098380020568900e501370020568100e30f5000cb
:109848001c003a0030ad22009040780030c4b300cc
:1098580080cf500017003a00f02f20009055890063
:109868001000200070558900205681008000e90012
:1098780000ad220000804000104078000080fb000e
:109888000003b1005055890081708000f00f20005e
:109898000080600000f0a00080708800122eef00a9
:1098a8000000eb00305689000000eb0020568900cc
:1098b800c601370020568100e20f50000d003a0023
:1098c80020ad220090407800c0c4b30080cf500083
:1098d80008003a00c056810061001000c056890097
:1098e8000000eb00305689000000eb00205689008c
:1098f800b601370020568100e30f500012003a00ed
:1099080030ad220090407800c0c4b30080cf500032
:109918000d003a00205681008000e90000ad2200c9
:1099280000804000104078000080fb000003b10078
:10993800c05689000000eb00305689000000eb009b
:1099480020568900a101370020568100e20f5000ff
:109958000d003a0020ad22009040780050c4b300ba
:1099680080cf500008003a00d056810061001000f6
:10997800d05689000000eb00305689000000eb004b
:10998800205689009101370020568100e30f5000ce
:1099980012003a0030ad22009040780050c4b30065
:1099a80080cf50000d003a00205681008000e90069
:1099b80000ad220000804000104078000080fb00cd
:1099c8000003b100d05689000000eb003056890032
:1099d8000000eb00205689007c01370020568100ea
:1099e800e20f500005003a0020ad220090407800b8
:1099f80030c5b30080cf50001800320020568100d7
:109a0800e30f500005003a0030ad22009040780086
:109a180030c5b30080cf50001000320020568100be
:109a2800e40f500005003a0040ad22009040780055
:109a380030c5b30080cf50000800320020568100a6
:109a4800e50f5000cc003a0050ad2200904078005d
:109a580030c5b30080cf5000c7003a001000200086
:109a6800308f980020568100e30f50000d0032001f
:109a7800e30f500003003e00e20f500006003200e2
:109a880042003700e40f50000f003200e50f50008d
:109a9800200032003d00370010002000308f980071
:109aa8003d003700205681008000e90000ad22000b
:109ab80000804000104078000080fb000003b100e7
:109ac800308f980034003700205681008080e900ec
:109ad80000ad220000804000104078000080fb00ac
:109ae800ea00b90002e22f0000014100205681007f
:109af8008000e90000ad220000804000104078009e
:109b08000080fb000003b10000004100308f980086
:109b18002100370020568100e300500000ad2200ec
:109b280000804000104078008080fb004006200044
:109b38008088b9008000780000d42e0000814000a1
:109b4800205681008080e90000ad2200008040009e
:109b5800104078000080fb00ea00b900001eb10048
:109b680000014100205681008000e90000ad22007c
:109b780000804000104078000080fb000003b10026
:109b880000004100308f98000300370010002000cb
:109b9800308f9800000000000000eb00408f980014
:109ba8006c0037006e8890000000e00019003a0051
:109bb80000000000101180004900de0061406000d4
:109bc8000080fb000000e000faff3c0041558100e6
:109bd800000520008088b900800078006055810069
:109be8008080400080558100000178001100090044
:109bf8008280d8008000fd0080007800008023006b
:109c080000804000104078000080fb002011880090
:109c18001b0037006e889000e20f500018003a00d1
:109c280000000000001380000000d10061406000c7
:109c38000080fb000000e000faff3c004155810075
:109c4800000520008088b9008000780060558100f8
:109c58008080400080558100800178001100090053
:109c68008380d8008000fd008000780000802300f9
:109c780000804000104078000080fb0040138800fe
:109c8800605581009e0f50002c00390060558100fe
:109c98000005b100605589008155810000782000d9
:109ca800808f500014003e000000eb00508f980099
:109cb8000d00370041558100000520008088b9005b
:109cc800800078005e88900080804000008023003b
:109cd8008080400000c2b300804878005e88900011
:109ce8000000e800508f9800de889000f004200003
:109cf800808f5000efff3400405581000000e800dd
:109d08004055890081558100d0cc2c000008b8004e
:109d1800c608de0040558100808f500007003e00d5
:109d28004255810081558100d0cc2c000008b80034
:109d38004608de000000510040558900605581004a
:109d48000000e800605589004e8890000000e80097
:109d5800408f9800ce8890003e889000808f5000f9
:109d680090ff35000000eb00305689000000eb0042
:109d7800205689009500370020568100e40f5000d6
:109d880019003a0040ad22009040780010c4b3009a
:109d980080cf500014003a00205681008080e900ee
:109da80000ad220000804000104078000080fb00d9
:109db8004801dd00205681008000e90000ad220046
:109dc80000804000104078000080fb000000410047
:109dd800505689000000eb00305689000000eb0067
:109de800205689007900370020568100e40f500082
:109df80040003a0040ad22009040780020c5b300f2
:109e080080cf50003b003a00205681008080e90056
:109e180000ad220000804000104078000080fb0068
:109e28004801dd00205681008000e90000ad2200d5
:109e380000804000104078000080fb0000004100d6
:109e480060568900230037006e8890000000e0000b
:109e58000c003a0000000000101180004900de00ec
:109e6800614060000080fb000000e000faff3c0059
:109e78005056810072dc07000080fb00201188002a
:109e88000e0037006e889000e20f50000b003a0079
:109e980000000000001380000000d1006140600055
:109ea8000080fb000000e000faff3c0050568100f3
:109eb80063dc07000080fb004013880050568100d7
:109ec8000000e80050568900605681000000e90053
:109ed80060568900605681000000e000daff3a0011
:109ee8000000eb00305689000000eb002056890086
:109ef8003600370020568100e40f500019003a0060
:109f080040ad22009040780070c5b30080cf50006b
:109f180014003a00205681008080e90000ad22003c
:109f280000804000104078000080fb004801dd0000
:109f3800205681008000e90000ad2200008040002a
:109f4800104078000080fb00000041006056890046
:109f58000000eb00305689000000eb002056890015
:109f68001a003700205681000000e80020568900ba
:109f780020568100e70f5000140036000000eb0067
:109f8800305689000000eb00205689000f0037008a
:109f9800000000000d003700000000000b00370033
:109fa800000000000900370000000000070037002b
:109fb8000000000005003700000000000300370023
:109fc8000000000001003700000000007e889000bb
:109fd8000000e00057ee3200615581008055810095
:109fe800808f500055ee310041558100000520005a
:109ff8008088b9008000780060558100808040002a
:10a008008055810000017800110009008280d80085
:10a018008000fd0000017800415581000005200006
:10a028008088b900800078006055810080804000f9
:10a038008055810080017800110009008380d800d4
:10a048008000fd0080007800008023000080400030
:10a058009040780000c8b30080c040000080230012
:10a06800000041000148780035ee3700801f780075
:10a07800811f7800821f7800831f7800841f780072
:10a08800851f78000040800071ff2f0001006000ec
:10a098000040880003002000005581000000e8000f
:10a0a800613220001100e7000000200000558900ff
:10a0b8001300e700105589001300e70020558900b8
:10a0c800725581001390e7002f0537000055810075
:10a0d800013220001180e60004003700005581009d
:10a0e800812520001180e6001e05370020558100db
:10a0f8001300e700c203370001a02200000020007f
:10a108003140780013eeb7000040d00013eeb700de
:10a118000040d00013eeb7000040d00013eeb700a7
:10a128000040d00013eeb7000040d00013eeb70097
:10a138003140780013eeb7000040d00013eeb700ae
:10a148000040d00013eeb7000040d00013eeb70077
:10a158000040d00013eeb7000040d00013eeb70067
:10a168003140780013eeb7000040d00013eeb7007e
:10a178000040d00013eeb7000040d00013eeb70047
:10a188000040d00013eeb7000040d00013eeb70037
:10a198003140780013eeb7000040d00013eeb7004e
:10a1a8000040d00013eeb7000040d00013eeb70017
:10a1b8000040d00013eeb7000040d00013eeb70007
:10a1c8003140780013eeb7000040d00013eeb7001e
:10a1d8000040d00013eeb7000040d00013eeb700e7
:10a1e8000040d00013eeb7000040d00013eeb700d7
:10a1f8003140780013eeb7000040d00013eeb700ee
:10a208000040d00013eeb7000040d00013eeb700b6
:10a218000040d00013eeb7000040d00013eeb700a6
:10a228003140780013eeb7000040d00013eeb700bd
:10a238000040d00013eeb7000040d00013eeb70086
:10a248000040d00013eeb7000040d00013eeb70076
:10a258003140780013eeb7000040d00013eeb7008d
:10a268000040d00013eeb7000040d00013eeb70056
:10a278000040d00013eeb7000040d00013eeb70046
:10a288003140780013eeb7000040d00013eeb7005d
:10a298000040d00013eeb7000040d00013eeb70026
:10a2a8000040d00013eeb7000040d00013eeb70016
:10a2b8003140780013eeb7000040d00013eeb7002d
:10a2c8000040d00013eeb7000040d00013eeb700f6
:10a2d8000040d00013eeb7000040d00013eeb700e6
:10a2e8003140780013eeb7000040d00013eeb700fd
:10a2f8000040d00013eeb7000040d00013eeb700c6
:10a308000040d00013eeb7000040d00013eeb700b5
:10a318003140780013eeb7000040d00013eeb700cc
:10a328000040d00013eeb7000040d00013eeb70095
:10a338000040d00013eeb7000040d00013eeb70085
:10a348003140780013eeb7000040d00013eeb7009c
:10a358000040d00013eeb7000040d00013eeb70065
:10a368000040d00013eeb7000040d00013eeb70055
:10a378003140780013eeb7000040d00013eeb7006c
:10a388000040d00013eeb7000040d00013eeb70035
:10a398000040d00013eeb7000040d00013eeb70025
:10a3a8003140780013eeb7000040d00013eeb7003c
:10a3b8000040d00013eeb7000040d00013eeb70005
:10a3c8000040d00013eeb7000040d00013eeb700f5
:10a3d8003140780013eeb7000040d00013eeb7000c
:10a3e8000040d00013eeb7000040d00013eeb700d5
:10a3f8000040d00013eeb7000040d00013eeb700c5
:10a408003140780013eeb7000040d00013eeb700db
:10a418000040d00013eeb7000040d00013eeb700a4
:10a428000040d00013eeb7000040d00013eeb70094
:10a438003140780013eeb7000040d00013eeb700ab
:10a448000040d00013eeb7000040d00013eeb70074
:10a458000040d00013eeb7000040d00013eeb70064
:10a468003140780013eeb7000040d00013eeb7007b
:10a478000040d00013eeb7000040d00013eeb70044
:10a488000040d00013eeb7000040d00013eeb70034
:10a498003140780013eeb7000040d00013eeb7004b
:10a4a8000040d00013eeb7000040d00013eeb70014
:10a4b8000040d00013eeb7000040d00013eeb70004
:10a4c8003140780013eeb7000040d00013eeb7001b
:10a4d8000040d00013eeb7000040d00013eeb700e4
:10a4e8000040d00013eeb7000040d00013eeb700d4
:10a4f8003140780013eeb7000040d00013eeb700eb
:10a508000040d00013eeb7000040d00013eeb700b3
:10a518000040d00013eeb7000040d00013eeb700a3
:10a528003140780013eeb7000040d00013eeb700ba
:10a538000040d00013eeb7000040d00013eeb70083
:10a548000040d00013eeb7000040d00013eeb70073
:10a558003140780013eeb7000040d00013eeb7008a
:10a568000040d00013eeb7000040d00013eeb70053
:10a578000040d00013eeb7000040d00013eeb70043
:10a588003140780013eeb7000040d00013eeb7005a
:10a598000040d00013eeb7000040d00013eeb70023
:10a5a8000040d00013eeb7000040d00013eeb70013
:10a5b8003140780013eeb7000040d00013eeb7002a
:10a5c8000040d00013eeb7000040d00013eeb700f3
:10a5d8000040d00013eeb7000040d00013eeb700e3
:10a5e8003140780013eeb7000040d00013eeb700fa
:10a5f8000040d00013eeb7000040d00013eeb700c3
:10a608000040d00013eeb7000040d00013eeb700b2
:10a618003140780013eeb7000040d00013eeb700c9
:10a628000040d00013eeb7000040d00013eeb70092
:10a638000040d00013eeb7000040d00013eeb70082
:10a648003140780013eeb7000040d00013eeb70099
:10a658000040d00013eeb7000040d00013eeb70062
:10a668000040d00013eeb7000040d00013eeb70052
:10a678003140780013eeb7000040d00013eeb70069
:10a688000040d00013eeb7000040d00013eeb70032
:10a698000040d00013eeb7000040d00013eeb70022
:10a6a8003140780013eeb7000040d00013eeb70039
:10a6b8000040d00013eeb7000040d00013eeb70002
:10a6c8000040d00013eeb7000040d00013eeb700f2
:10a6d8003140780013eeb7000040d00013eeb70009
:10a6e8000040d00013eeb7000040d00013eeb700d2
:10a6f8000040d00013eeb7000040d00013eeb700c2
:10a708003140780013eeb7000040d00013eeb700d8
:10a718000040d00013eeb7000040d00013eeb700a1
:10a728000040d00013eeb7000040d00013eeb70091
:10a738003140780013eeb7000040d00013eeb700a8
:10a748000040d00013eeb7000040d00013eeb70071
:10a758000040d00013eeb7000040d00013eeb70061
:10a768003140780013eeb7000040d00013eeb70078
:10a778000040d00013eeb7000040d00013eeb70041
:10a788000040d00013eeb7000040d00013eeb70031
:10a798003140780013eeb7000040d00013eeb70048
:10a7a8000040d00013eeb7000040d00013eeb70011
:10a7b8000040d00013eeb7000040d00013eeb70001
:10a7c8003140780013eeb7000040d00013eeb70018
:10a7d8000040d00013eeb7000040d00013eeb700e1
:10a7e8000040d00013eeb7000040d00013eeb700d1
:10a7f8003140780013eeb7000040d00013eeb700e8
:10a808000040d00013eeb7000040d00013eeb700b0
:10a818000040d00013eeb7000040d00013eeb700a0
:10a828003140780013eeb7000040d00013eeb700b7
:10a838000040d00013eeb7000040d00013eeb70080
:10a848000040d00013eeb7000040d00013eeb70070
:10a858003140780013eeb7000040d00013eeb70087
:10a868000040d00013eeb7000040d00013eeb70050
:10a878000040d00013eeb7000040d00013eeb70040
:10a888003140780013eeb7000040d00013eeb70057
:10a898000040d00013eeb7000040d00013eeb70020
:10a8a8000040d00013eeb7000040d00013eeb70010
:10a8b8003140780013eeb7000040d00013eeb70027
:10a8c8000040d00013eeb7000040d00013eeb700f0
:10a8d8000040d00013eeb7000040d00013eeb700e0
:10a8e8003140780013eeb7000040d00013eeb700f7
:10a8f8000040d00013eeb7000040d00013eeb700c0
:10a908000040d00013eeb7000040d00013eeb700af
:10a918003140780013eeb7000040d00013eeb700c6
:10a928000040d00013eeb7000040d00013eeb7008f
:10a938000040d00013eeb7000040d00013eeb7007f
:10a948003140780013eeb7000040d00013eeb70096
:10a958000040d00013eeb7000040d00013eeb7005f
:10a968000040d00013eeb7000040d00013eeb7004f
:10a978003140780013eeb7000040d00013eeb70066
:10a988000040d00013eeb7000040d00013eeb7002f
:10a998000040d00013eeb7000040d00013eeb7001f
:10a9a8003140780013eeb7000040d00013eeb70036
:10a9b8000040d00013eeb7000040d00013eeb700ff
:10a9c8000040d00013eeb7000040d00013eeb700ef
:10a9d8003140780013eeb7000040d00013eeb70006
:10a9e8000040d00013eeb7000040d00013eeb700cf
:10a9f8000040d00013eeb7000040d00013eeb700bf
:10aa08003140780013eeb7000040d00013eeb700d5
:10aa18000040d00013eeb7000040d00013eeb7009e
:10aa28000040d00013eeb7000040d00013eeb7008e
:10aa38003140780013eeb7000040d00013eeb700a5
:10aa48000040d00013eeb7000040d00013eeb7006e
:10aa58000040d00013eeb7000040d00013eeb7005e
:10aa68003140780013eeb7000040d00013eeb70075
:10aa78000040d00013eeb7000040d00013eeb7003e
:10aa88000040d00013eeb7000040d00013eeb7002e
:10aa98003140780013eeb7000040d00013eeb70045
:10aaa8000040d00013eeb7000040d00013eeb7000e
:10aab8000040d00013eeb7000040d00013eeb700fe
:10aac8003140780013eeb7000040d00013eeb70015
:10aad8000040d00013eeb7000040d00013eeb700de
:10aae8000040d00013eeb7000040d00013eeb700ce
:10aaf8003140780013eeb7000040d00013eeb700e5
:10ab08000040d00013eeb7000040d00013eeb700ad
:10ab18000040d00013eeb7000040d00013eeb7009d
:10ab28003140780013eeb7000040d00013eeb700b4
:10ab38000040d00013eeb7000040d00013eeb7007d
:10ab48000040d00013eeb7000040d00013eeb7006d
:10ab58003140780013eeb7000040d00013eeb70084
:10ab68000040d00013eeb7000040d00013eeb7004d
:10ab78000040d00013eeb7000040d00013eeb7003d
:10ab88003140780013eeb7000040d00013eeb70054
:10ab98000040d00013eeb7000040d00013eeb7001d
:10aba8000040d00013eeb7000040d00013eeb7000d
:10abb8003140780013eeb7000040d00013eeb70024
:10abc8000040d00013eeb7000040d00013eeb700ed
:10abd8000040d00013eeb7000040d00013eeb700dd
:10abe8003140780013eeb7000040d00013eeb700f4
:10abf8000040d00013eeb7000040d00013eeb700bd
:10ac08000040d00013eeb7000040d00013eeb700ac
:10ac18003140780013eeb7000040d00013eeb700c3
:10ac28000040d00013eeb7000040d00013eeb7008c
:10ac38000040d00013eeb7000040d00013eeb7007c
:10ac48003140780013eeb7000040d00013eeb70093
:10ac58000040d00013eeb7000040d00013eeb7005c
:10ac68000040d00013eeb7000040d00013eeb7004c
:10ac78003140780013eeb7000040d00013eeb70063
:10ac88000040d00013eeb7000040d00013eeb7002c
:10ac98000040d00013eeb7000040d00013eeb7001c
:10aca8003140780013eeb7000040d00013eeb70033
:10acb8000040d00013eeb7000040d00013eeb700fc
:10acc8000040d00013eeb7000040d00013eeb700ec
:10acd8003140780013eeb7000040d00013eeb70003
:10ace8000040d00013eeb7000040d00013eeb700cc
:10acf8000040d00013eeb7000040d00013eeb700bc
:10ad08003140780013eeb7000040d00013eeb700d2
:10ad18000040d00013eeb7000040d00013eeb7009b
:10ad28000040d00013eeb7000040d00013eeb7008b
:10ad38003140780013eeb7000040d00013eeb700a2
:10ad48000040d00013eeb7000040d00013eeb7006b
:10ad58000040d00013eeb7000040d00013eeb7005b
:10ad68003140780013eeb7000040d00013eeb70072
:10ad78000040d00013eeb7000040d00013eeb7003b
:10ad88000040d00013eeb7000040d00013eeb7002b
:10ad98003140780013eeb7000040d00013eeb70042
:10ada8000040d00013eeb7000040d00013eeb7000b
:10adb8000040d00013eeb7000040d00013eeb700fb
:10adc8003140780013eeb7000040d00013eeb70012
:10add8000040d00013eeb7000040d00013eeb700db
:10ade8000040d00013eeb7000040d00013eeb700cb
:10adf8003140780013eeb7000040d00013eeb700e2
:10ae08000040d00013eeb7000040d00013eeb700aa
:10ae18000040d00013eeb7000040d00013eeb7009a
:10ae28003140780013eeb7000040d00013eeb700b1
:10ae38000040d00013eeb7000040d00013eeb7007a
:10ae48000040d00013eeb7000040d00013eeb7006a
:10ae58003140780013eeb7000040d00013eeb70081
:10ae68000040d00013eeb7000040d00013eeb7004a
:10ae78000040d00013eeb7000040d00013eeb7003a
:10ae88003140780013eeb7000040d00013eeb70051
:10ae98000040d00013eeb7000040d00013eeb7001a
:10aea8000040d00013eeb7000040d00013eeb7000a
:10aeb8003140780013eeb7000040d00013eeb70021
:10aec8000040d00013eeb7000040d00013eeb700ea
:10aed8000040d00013eeb7000040d00013eeb700da
:10aee8003140780013eeb7000040d00013eeb700f1
:10aef8000040d00013eeb7000040d00013eeb700ba
:10af08000040d00013eeb7000040d00013eeb700a9
:10af18003140780013eeb7000040d00013eeb700c0
:10af28000040d00013eeb7000040d00013eeb70089
:10af38000040d00013eeb7000040d00013eeb70079
:10af48003140780013eeb7000040d00013eeb70090
:10af58000040d00013eeb7000040d00013eeb70059
:10af68000040d00013eeb7000040d00013eeb70049
:10af78003140780013eeb7000040d00013eeb70060
:10af88000040d00013eeb7000040d00013eeb70029
:10af98000040d00013eeb7000040d00013eeb70019
:10afa8003140780013eeb7000040d00013eeb70030
:10afb8000040d00013eeb7000040d00013eeb700f9
:10afc8000040d00013eeb7000040d00013eeb700e9
:10afd8003140780013eeb7000040d00013eeb70000
:10afe8000040d00013eeb7000040d00013eeb700c9
:10aff8000040d00013eeb7000040d00013eeb700b9
:10b008000000200013eeb700305581002100200019
:10b018001100e700e6003700008023001155810089
:10b028008100400083558100830140001388e600b9
:10b0380008003700405581004201dd000200400051
:10b048004400dd0081004000825581001388e6003d
:10b058008280500030558100020020001280e700f5
:10b0680082022000810041000200230003a5220083
:10b0780030558100040020001480e700840220007d
:10b088008301420024558100f50f200031407800eb
:10b09800050060004300dd0004004000e25978002c
:10b0a80031407800050060004300dd0004004000e6
:10b0b800e259780031407800050060004300dd0067
:10b0c80004004000e2597800314078000500600033
:10b0d8004300dd0004004000e25978003140780068
:10b0e800050060004300dd0004004000e2597800dc
:10b0f80031407800050060004300dd000400400096
:10b10800e259780031407800050060004300dd0016
:10b1180004004000e25978003140780005006000e2
:10b128004300dd0004004000e25978003140780017
:10b13800050060004300dd0004004000e25978008b
:10b1480031407800050060004300dd000400400045
:10b15800e259780031407800050060004300dd00c6
:10b1680004004000e2597800314078000500600092
:10b178004300dd0004004000e259780031407800c7
:10b18800050060004300dd0004004000e25978003b
:10b1980031407800050060004300dd0004004000f5
:10b1a800e259780031407800050060004300dd0076
:10b1b80004004000e2597800314078000500600042
:10b1c8004300dd0004004000e25978003140780077
:10b1d800050060004300dd0004004000e2597800eb
:10b1e80031407800050060004300dd0004004000a5
:10b1f800e259780031407800050060004300dd0026
:10b2080004004000e25978003140780005006000f1
:10b218004300dd0004004000e25978003140780026
:10b22800050060004300dd0004004000e25978009a
:10b2380031407800050060004300dd000400400054
:10b24800e259780031407800050060004300dd00d5
:10b2580004004000e25978003140780005006000a1
:10b268004300dd0004004000e259780031407800d6
:10b27800050060004300dd0004004000e25978004a
:10b2880031407800050060004300dd000400400004
:10b29800e259780031407800050060004300dd0085
:10b2a80004004000e2597800314078000500600051
:10b2b8004300dd0004004000e25978003140780086
:10b2c800050060004300dd0004004000e2597800fa
:10b2d80031407800050060004300dd0004004000b4
:10b2e800e259780031407800050060004300dd0035
:10b2f80004004000e2597800314078000500600001
:10b308004300dd0004004000e25978003140780035
:10b31800050060004300dd0004004000e2597800a9
:10b3280031407800050060004300dd000400400063
:10b33800e259780031407800050060004300dd00e4
:10b3480004004000e25978003140780005006000b0
:10b358004300dd0004004000e259780031407800e5
:10b36800050060004300dd0004004000e259780059
:10b3780031407800050060004300dd000400400013
:10b38800e259780031407800050060004300dd0094
:10b3980004004000e2597800314078000500600060
:10b3a8004300dd0004004000e259780052003700f5
:10b3b80000a5220001a02200b0187800b01878007b
:10b3c800b0187800b0187800b0187800b018780075
:10b3d800b0187800b0187800b0187800b018780065
:10b3e800b0187800b0187800b0187800b018780055
:10b3f800b0187800b0187800b0187800b018780045
:10b40800b0187800b0187800b0187800b018780034
:10b41800b0187800b0187800b0187800b018780024
:10b42800b0187800b0187800b0187800b018780014
:10b43800b0187800b0187800b0187800b018780004
:10b44800b0187800b0187800b0187800b0187800f4
:10b45800b0187800b0187800b0187800b0187800e4
:10b46800b0187800b0187800b0187800b0187800d4
:10b47800b0187800b0187800b0187800b0187800c4
:10b48800b0187800b0187800b0187800b0187800b4
:10b49800b0187800b0187800b0187800b0187800a4
:10b4a800b0187800b0187800b0187800b018780094
:10b4b800b0187800b0187800b0187800b018780084
:10b4c800b0187800b0187800b0187800b018780074
:10b4d800b0187800b0187800b0187800b018780064
:10b4e800b0187800b0187800b0187800b018780054
:10b4f800b0187800b0187800305581000000e800d6
:10b5080030558900310020001180e7000e00370017
:10b518000000200030558900205581000000e80017
:10b52800810020001100e70000002000205589005c
:10b538000100200002052000135581001100e700da
:10b548008301410013558900cf0278004f0278002b
:10b55800cf0178004f017800cf0078004f007800c5
:10b56800000006000000200013eeb700cf027800ac
:10b578004f027800cf0178004f017800cf007800a3
:10b588004f00780000000600915581001180e60008
:10b59800f4ff37000200200020558100115581007a
:10b5a8000000e800630020001300e70002007800b4
:10b5b800205589001200e7008100e8001155890034
:10b5c800505581001200e7001903370012002000cf
:10b5d8001200e70027063700c708dd001200200028
:10b5e800020060008008dd00020024000000a700bf
:10b5f80002082000028140000300250083804000eb
:10b6080003014100000020003200f8003400f80077
:10b6180001c0fe0001c4fe00040020003140780093
:10b62800b24178001400e7000340780013eeb70039
:10b638000000000031407800b24178001400e700b3
:10b648000340780013eeb700000000003140780096
:10b65800b24178001400e7000340780013eeb70009
:10b668000000000031407800b24178001400e70083
:10b678000340780013eeb700000000003140780066
:10b68800b24178001400e7000340780013eeb700d9
:10b698000000000031407800b24178001400e70053
:10b6a8000340780013eeb700000000003140780036
:10b6b800b24178001400e7000340780013eeb700a9
:10b6c8000000000031407800b24178001400e70023
:10b6d8000340780013eeb700000000003140780006
:10b6e800b24178001400e7000340780013eeb70079
:10b6f8000000000031407800b24178001400e700f3
:10b708000340780013eeb7000000000031407800d5
:10b71800b24178001400e7000340780013eeb70048
:10b728000000000031407800b24178001400e700c2
:10b738000340780013eeb7000000000031407800a5
:10b74800b24178001400e7000340780013eeb70018
:10b758000000000031407800b24178001400e70092
:10b768000340780013eeb700000000003140780075
:10b77800b24178001400e7000340780013eeb700e8
:10b788000000000031407800b24178001400e70062
:10b798000340780013eeb700000000003140780045
:10b7a800b24178001400e7000340780013eeb700b8
:10b7b8000000000031407800b24178001400e70032
:10b7c8000340780013eeb700000000003140780015
:10b7d800b24178001400e7000340780013eeb70088
:10b7e8000000000031407800b24178001400e70002
:10b7f8000340780013eeb7000000000031407800e5
:10b80800b24178001400e7000340780013eeb70057
:10b818000000000031407800b24178001400e700d1
:10b828000340780013eeb7000000000031407800b4
:10b83800b24178001400e7000340780013eeb70027
:10b848000000000031407800b24178001400e700a1
:10b858000340780013eeb700000000003140780084
:10b86800b24178001400e7000340780013eeb700f7
:10b878000000000031407800b24178001400e70071
:10b888000340780013eeb700000000003140780054
:10b89800b24178001400e7000340780013eeb700c7
:10b8a8000000000031407800b24178001400e70041
:10b8b8000340780013eeb700000000003140780024
:10b8c800b24178001400e7000340780013eeb70097
:10b8d8000000000031407800b24178001400e70011
:10b8e8000340780013eeb7000000000031407800f4
:10b8f800b24178001400e7000340780013eeb70067
:10b908000000000031407800b24178001400e700e0
:10b918000340780013eeb7000000000031407800c3
:10b92800b24178001400e7000340780013eeb70036
:10b938000000000031407800b24178001400e700b0
:10b948000340780013eeb700000000003140780093
:10b95800b24178001400e7000340780013eeb70006
:10b968000000000031407800b24178001400e70080
:10b978000340780013eeb700000000003140780063
:10b98800b24178001400e7000340780013eeb700d6
:10b998000000000031407800b24178001400e70050
:10b9a8000340780013eeb700000000003140780033
:10b9b800b24178001400e7000340780013eeb700a6
:10b9c8000000000031407800b24178001400e70020
:10b9d8000340780013eeb700000000003140780003
:10b9e800b24178001400e7000340780013eeb70076
:10b9f8000000000031407800b24178001400e700f0
:10ba08000340780013eeb7000000000031407800d2
:10ba1800b24178001400e7000340780013eeb70045
:10ba28000000000031407800b24178001400e700bf
:10ba38000340780013eeb7000000000031407800a2
:10ba4800b24178001400e7000340780013eeb70015
:10ba58000000000031407800b24178001400e7008f
:10ba68000340780013eeb700000000003140780072
:10ba7800b24178001400e7000340780013eeb700e5
:10ba88000000000031407800b24178001400e7005f
:10ba98000340780013eeb700000000003140780042
:10baa800b24178001400e7000340780013eeb700b5
:10bab8000000000031407800b24178001400e7002f
:10bac8000340780013eeb700000000003140780012
:10bad800b24178001400e7000340780013eeb70085
:10bae8000000000031407800b24178001400e700ff
:10baf8000340780013eeb7000000000031407800e2
:10bb0800b24178001400e7000340780013eeb70054
:10bb18000000000031407800b24178001400e700ce
:10bb28000340780013eeb7000000000031407800b1
:10bb3800b24178001400e7000340780013eeb70024
:10bb48000000000031407800b24178001400e7009e
:10bb58000340780013eeb700000000003140780081
:10bb6800b24178001400e7000340780013eeb700f4
:10bb78000000000031407800b24178001400e7006e
:10bb88000340780013eeb700000000003140780051
:10bb9800b24178001400e7000340780013eeb700c4
:10bba8000000000031407800b24178001400e7003e
:10bbb8000340780013eeb700000000003140780021
:10bbc800b24178001400e7000340780013eeb70094
:10bbd8000000000031407800b24178001400e7000e
:10bbe8000340780013eeb7000000000031407800f1
:10bbf800b24178001400e7000340780013eeb70064
:10bc08000000000031407800b24178001400e700dd
:10bc18000340780013eeb7000000000031407800c0
:10bc2800b24178001400e7000340780013eeb70033
:10bc38000000000031407800b24178001400e700ad
:10bc48000340780013eeb700000000003140780090
:10bc5800b24178001400e7000340780013eeb70003
:10bc68000000000031407800b24178001400e7007d
:10bc78000340780013eeb700000000003140780060
:10bc8800b24178001400e7000340780013eeb700d3
:10bc98000000000031407800b24178001400e7004d
:10bca8000340780013eeb700000000003140780030
:10bcb800b24178001400e7000340780013eeb700a3
:10bcc8000000000031407800b24178001400e7001d
:10bcd8000340780013eeb700000000003140780000
:10bce800b24178001400e7000340780013eeb70073
:10bcf8000000000031407800b24178001400e700ed
:10bd08000340780013eeb7000000000031407800cf
:10bd1800b24178001400e7000340780013eeb70042
:10bd28000000000031407800b24178001400e700bc
:10bd38000340780013eeb70000000000314078009f
:10bd4800b24178001400e7000340780013eeb70012
:10bd58000000000031407800b24178001400e7008c
:10bd68000340780013eeb70000000000314078006f
:10bd7800b24178001400e7000340780013eeb700e2
:10bd88000000000031407800b24178001400e7005c
:10bd98000340780013eeb70000000000314078003f
:10bda800b24178001400e7000340780013eeb700b2
:10bdb8000000000031407800b24178001400e7002c
:10bdc8000340780013eeb70000000000314078000f
:10bdd800b24178001400e7000340780013eeb70082
:10bde8000000000031407800b24178001400e700fc
:10bdf8000340780013eeb7000000000031407800df
:10be0800b24178001400e7000340780013eeb70051
:10be18000000000031407800b24178001400e700cb
:10be28000340780013eeb7000000000031407800ae
:10be3800b24178001400e7000340780013eeb70021
:10be48000000000031407800b24178001400e7009b
:10be58000340780013eeb70000000000314078007e
:10be6800b24178001400e7000340780013eeb700f1
:10be78000000000031407800b24178001400e7006b
:10be88000340780013eeb70000000000314078004e
:10be9800b24178001400e7000340780013eeb700c1
:10bea8000000000031407800b24178001400e7003b
:10beb8000340780013eeb70000000000314078001e
:10bec800b24178001400e7000340780013eeb70091
:10bed8000000000031407800b24178001400e7000b
:10bee8000340780013eeb7000000000031407800ee
:10bef800b24178001400e7000340780013eeb70061
:10bf08000000000031407800b24178001400e700da
:10bf18000340780013eeb7000000000031407800bd
:10bf2800b24178001400e7000340780013eeb70030
:10bf38000000000031407800b24178001400e700aa
:10bf48000340780013eeb70000000000314078008d
:10bf5800b24178001400e7000340780013eeb70000
:10bf68000000000031407800b24178001400e7007a
:10bf78000340780013eeb70000000000314078005d
:10bf8800b24178001400e7000340780013eeb700d0
:10bf98000000000031407800b24178001400e7004a
:10bfa8000340780013eeb70000000000314078002d
:10bfb800b24178001400e7000340780013eeb700a0
:10bfc8000000000031407800b24178001400e7001a
:10bfd8000340780013eeb7000000000031407800fd
:10bfe800b24178001400e7000340780013eeb70070
:10bff8000000000031407800b24178001400e700ea
:10c008000340780013eeb7000000000031407800cc
:10c01800b24178001400e7000340780013eeb7003f
:10c028000000000031407800b24178001400e700b9
:10c038000340780013eeb70000000000314078009c
:10c04800b24178001400e7000340780013eeb7000f
:10c058000000000031407800b24178001400e70089
:10c068000340780013eeb70000000000314078006c
:10c07800b24178001400e7000340780013eeb700df
:10c088000000000031407800b24178001400e70059
:10c098000340780013eeb70000000000314078003c
:10c0a800b24178001400e7000340780013eeb700af
:10c0b8000000000031407800b24178001400e70029
:10c0c8000340780013eeb70000000000314078000c
:10c0d800b24178001400e7000340780013eeb7007f
:10c0e8000000000031407800b24178001400e700f9
:10c0f8000340780013eeb7000000000031407800dc
:10c10800b24178001400e7000340780013eeb7004e
:10c118000000000031407800b24178001400e700c8
:10c128000340780013eeb7000000000031407800ab
:10c13800b24178001400e7000340780013eeb7001e
:10c148000000000031407800b24178001400e70098
:10c158000340780013eeb70000000000314078007b
:10c16800b24178001400e7000340780013eeb700ee
:10c178000000000031407800b24178001400e70068
:10c188000340780013eeb70000000000314078004b
:10c19800b24178001400e7000340780013eeb700be
:10c1a8000000000031407800b24178001400e70038
:10c1b8000340780013eeb70000000000314078001b
:10c1c800b24178001400e7000340780013eeb7008e
:10c1d8000000000031407800b24178001400e70008
:10c1e8000340780013eeb7000000000031407800eb
:10c1f800b24178001400e7000340780013eeb7005e
:10c208000000000031407800b24178001400e700d7
:10c218000340780013eeb700000000000000200083
:10c2280013eeb7003400f9003200f900cffc3700f4
:10c23800c708dd00425581004811dd0082804000ba
:10c2480001f0a100020025008280400000002000cb
:10c258003200f8003400f80001c0fe0001c4fe00fe
:10c268003140780013eeb700000000000000000025
:10c2780000000000000000003140780013eeb70015
:10c2880000000000000000000000000000000000a6
:10c298003140780013eeb7000000000000000000f5
:10c2a80000000000000000003140780013eeb700e5
:10c2b8000000000000000000000000000000000076
:10c2c8003140780013eeb7000000000000000000c5
:10c2d80000000000000000003140780013eeb700b5
:10c2e8000000000000000000000000000000000046
:10c2f8003140780013eeb700000000000000000095
:10c3080000000000000000003140780013eeb70084
:10c318000000000000000000000000000000000015
:10c328003140780013eeb700000000000000000064
:10c3380000000000000000003140780013eeb70054
:10c3480000000000000000000000000000000000e5
:10c358003140780013eeb700000000000000000034
:10c3680000000000000000003140780013eeb70024
:10c3780000000000000000000000000000000000b5
:10c388003140780013eeb700000000000000000004
:10c3980000000000000000003140780013eeb700f4
:10c3a8000000000000000000000000000000000085
:10c3b8003140780013eeb7000000000000000000d4
:10c3c80000000000000000003140780013eeb700c4
:10c3d8000000000000000000000000000000000055
:10c3e8003140780013eeb7000000000000000000a4
:10c3f80000000000000000003140780013eeb70094
:10c408000000000000000000000000000000000024
:10c418003140780013eeb700000000000000000073
:10c4280000000000000000003140780013eeb70063
:10c4380000000000000000000000000000000000f4
:10c448003140780013eeb700000000000000000043
:10c4580000000000000000003140780013eeb70033
:10c4680000000000000000000000000000000000c4
:10c478003140780013eeb700000000000000000013
:10c4880000000000000000003140780013eeb70003
:10c498000000000000000000000000000000000094
:10c4a8003140780013eeb7000000000000000000e3
:10c4b80000000000000000003140780013eeb700d3
:10c4c8000000000000000000000000000000000064
:10c4d8003140780013eeb7000000000000000000b3
:10c4e80000000000000000003140780013eeb700a3
:10c4f8000000000000000000000000000000000034
:10c508003140780013eeb700000000000000000082
:10c5180000000000000000003140780013eeb70072
:10c528000000000000000000000000000000000003
:10c538003140780013eeb700000000000000000052
:10c5480000000000000000003140780013eeb70042
:10c5580000000000000000000000000000000000d3
:10c568003140780013eeb700000000000000000022
:10c5780000000000000000003140780013eeb70012
:10c5880000000000000000000000000000000000a3
:10c598003140780013eeb7000000000000000000f2
:10c5a80000000000000000003140780013eeb700e2
:10c5b8000000000000000000000000000000000073
:10c5c8003140780013eeb7000000000000000000c2
:10c5d80000000000000000003140780013eeb700b2
:10c5e8000000000000000000000000000000000043
:10c5f8003140780013eeb700000000000000000092
:10c6080000000000000000003140780013eeb70081
:10c618000000000000000000000000000000000012
:10c628003140780013eeb700000000000000000061
:10c6380000000000000000003140780013eeb70051
:10c6480000000000000000000000000000000000e2
:10c658003140780013eeb700000000000000000031
:10c6680000000000000000003140780013eeb70021
:10c6780000000000000000000000000000000000b2
:10c688003140780013eeb700000000000000000001
:10c6980000000000000000003140780013eeb700f1
:10c6a8000000000000000000000000000000000082
:10c6b8003140780013eeb7000000000000000000d1
:10c6c80000000000000000003140780013eeb700c1
:10c6d8000000000000000000000000000000000052
:10c6e8003140780013eeb7000000000000000000a1
:10c6f80000000000000000003140780013eeb70091
:10c708000000000000000000000000000000000021
:10c718003140780013eeb700000000000000000070
:10c7280000000000000000003140780013eeb70060
:10c7380000000000000000000000000000000000f1
:10c748003140780013eeb700000000000000000040
:10c7580000000000000000003140780013eeb70030
:10c7680000000000000000000000000000000000c1
:10c778003140780013eeb700000000000000000010
:10c7880000000000000000003140780013eeb70000
:10c798000000000000000000000000000000000091
:10c7a8003140780013eeb7000000000000000000e0
:10c7b80000000000000000003140780013eeb700d0
:10c7c8000000000000000000000000000000000061
:10c7d8003140780013eeb7000000000000000000b0
:10c7e80000000000000000003140780013eeb700a0
:10c7f8000000000000000000000000000000000031
:10c808003140780013eeb70000000000000000007f
:10c8180000000000000000003140780013eeb7006f
:10c828000000000000000000000000000000000000
:10c838003140780013eeb70000000000000000004f
:10c8480000000000000000003140780013eeb7003f
:10c8580000000000000000000000000000000000d0
:10c868003140780013eeb70000000000000000001f
:10c8780000000000000000003140780013eeb7000f
:10c8880000000000000000000000000000000000a0
:10c898003140780013eeb7000000000000000000ef
:10c8a80000000000000000003140780013eeb700df
:10c8b8000000000000000000000000000000000070
:10c8c8003140780013eeb7000000000000000000bf
:10c8d80000000000000000003140780013eeb700af
:10c8e8000000000000000000000000000000000040
:10c8f8003140780013eeb70000000000000000008f
:10c9080000000000000000003140780013eeb7007e
:10c91800000000000000000000000000000000000f
:10c928003140780013eeb70000000000000000005e
:10c9380000000000000000003140780013eeb7004e
:10c9480000000000000000000000000000000000df
:10c958003140780013eeb70000000000000000002e
:10c9680000000000000000003140780013eeb7001e
:10c9780000000000000000000000000000000000af
:10c988003140780013eeb7000000000000000000fe
:10c9980000000000000000003140780013eeb700ee
:10c9a800000000000000000000000000000000007f
:10c9b8003140780013eeb7000000000000000000ce
:10c9c80000000000000000003140780013eeb700be
:10c9d800000000000000000000000000000000004f
:10c9e8003140780013eeb70000000000000000009e
:10c9f80000000000000000003140780013eeb7008e
:10ca0800000000000000000000000000000000001e
:10ca18003140780013eeb70000000000000000006d
:10ca280000000000000000003140780013eeb7005d
:10ca380000000000000000000000000000000000ee
:10ca48003140780013eeb70000000000000000003d
:10ca580000000000000000003140780013eeb7002d
:10ca680000000000000000000000000000000000be
:10ca78003140780013eeb70000000000000000000d
:10ca880000000000000000003140780013eeb700fd
:10ca9800000000000000000000000000000000008e
:10caa8003140780013eeb7000000000000000000dd
:10cab80000000000000000003140780013eeb700cd
:10cac800000000000000000000000000000000005e
:10cad8003140780013eeb7000000000000000000ad
:10cae80000000000000000003140780013eeb7009d
:10caf800000000000000000000000000000000002e
:10cb08003140780013eeb70000000000000000007c
:10cb180000000000000000003140780013eeb7006c
:10cb280000000000000000000000000000000000fd
:10cb38003140780013eeb70000000000000000004c
:10cb480000000000000000003140780013eeb7003c
:10cb580000000000000000000000000000000000cd
:10cb68003140780013eeb70000000000000000001c
:10cb780000000000000000003140780013eeb7000c
:10cb8800000000000000000000000000000000009d
:10cb98003140780013eeb7000000000000000000ec
:10cba80000000000000000003140780013eeb700dc
:10cbb800000000000000000000000000000000006d
:10cbc8003140780013eeb7000000000000000000bc
:10cbd80000000000000000003140780013eeb700ac
:10cbe800000000000000000000000000000000003d
:10cbf8003140780013eeb70000000000000000008c
:10cc080000000000000000003140780013eeb7007b
:10cc1800000000000000000000000000000000000c
:10cc28003140780013eeb70000000000000000005b
:10cc380000000000000000003140780013eeb7004b
:10cc480000000000000000000000000000000000dc
:10cc58003140780013eeb70000000000000000002b
:10cc680000000000000000003140780013eeb7001b
:10cc780000000000000000000000000000000000ac
:10cc88003140780013eeb7000000000000000000fb
:10cc980000000000000000003140780013eeb700eb
:10cca800000000000000000000000000000000007c
:10ccb8003140780013eeb7000000000000000000cb
:10ccc80000000000000000003140780013eeb700bb
:10ccd800000000000000000000000000000000004c
:10cce8003140780013eeb70000000000000000009b
:10ccf80000000000000000003140780013eeb7008b
:10cd0800000000000000000000000000000000001b
:10cd18003140780013eeb70000000000000000006a
:10cd280000000000000000003140780013eeb7005a
:10cd380000000000000000000000000000000000eb
:10cd48003140780013eeb70000000000000000003a
:10cd580000000000000000003140780013eeb7002a
:10cd680000000000000000000000000000000000bb
:10cd78003140780013eeb70000000000000000000a
:10cd880000000000000000003140780013eeb700fa
:10cd9800000000000000000000000000000000008b
:10cda8003140780013eeb7000000000000000000da
:10cdb80000000000000000003140780013eeb700ca
:10cdc800000000000000000000000000000000005b
:10cdd8003140780013eeb7000000000000000000aa
:10cde80000000000000000003140780013eeb7009a
:10cdf800000000000000000000000000000000002b
:10ce08003140780013eeb700000000000000000079
:10ce180000000000000000003140780013eeb70069
:10ce280000000000000000000000000000000000fa
:10ce38003140780013eeb700000000000000000049
:10ce480000000000000000003140780013eeb70039
:10ce580000000000000000000000000000000000ca
:10ce68000000200013eeb7003400f9003200f9008a
:10ce7800bef93700c808dd000200250082804000a6
:10ce880042558100f30f20000301610000002000db
:10ce98003200f8003400f80001c0fe0001c4fe00b2
:10cea8006140790013eeb7000201e8000301610058
:10ceb80000000000000000006140790013eeb70098
:10cec8000201e8000301610000000000000000000a
:10ced8006140790013eeb7000201e8000301610028
:10cee80000000000000000006140790013eeb70068
:10cef8000201e800030161000000000000000000da
:10cf08006140790013eeb7000201e80003016100f7
:10cf180000000000000000006140790013eeb70037
:10cf28000201e800030161000000000000000000a9
:10cf38006140790013eeb7000201e80003016100c7
:10cf480000000000000000006140790013eeb70007
:10cf58000201e80003016100000000000000000079
:10cf68006140790013eeb7000201e8000301610097
:10cf780000000000000000006140790013eeb700d7
:10cf88000201e80003016100000000000000000049
:10cf98006140790013eeb7000201e8000301610067
:10cfa80000000000000000006140790013eeb700a7
:10cfb8000201e80003016100000000000000000019
:10cfc8006140790013eeb7000201e8000301610037
:10cfd80000000000000000006140790013eeb70077
:10cfe8000201e800030161000000000000000000e9
:10cff8006140790013eeb7000201e8000301610007
:10d0080000000000000000006140790013eeb70046
:10d018000201e800030161000000000000000000b8
:10d028006140790013eeb7000201e80003016100d6
:10d0380000000000000000006140790013eeb70016
:10d048000201e80003016100000000000000000088
:10d058006140790013eeb7000201e80003016100a6
:10d0680000000000000000006140790013eeb700e6
:10d078000201e80003016100000000000000000058
:10d088006140790013eeb7000201e8000301610076
:10d0980000000000000000006140790013eeb700b6
:10d0a8000201e80003016100000000000000000028
:10d0b8006140790013eeb7000201e8000301610046
:10d0c80000000000000000006140790013eeb70086
:10d0d8000201e800030161000000000000000000f8
:10d0e8006140790013eeb7000201e8000301610016
:10d0f80000000000000000006140790013eeb70056
:10d108000201e800030161000000000000000000c7
:10d118006140790013eeb7000201e80003016100e5
:10d1280000000000000000006140790013eeb70025
:10d138000201e80003016100000000000000000097
:10d148006140790013eeb7000201e80003016100b5
:10d1580000000000000000006140790013eeb700f5
:10d168000201e80003016100000000000000000067
:10d178006140790013eeb7000201e8000301610085
:10d1880000000000000000006140790013eeb700c5
:10d198000201e80003016100000000000000000037
:10d1a8006140790013eeb7000201e8000301610055
:10d1b80000000000000000006140790013eeb70095
:10d1c8000201e80003016100000000000000000007
:10d1d8006140790013eeb7000201e8000301610025
:10d1e80000000000000000006140790013eeb70065
:10d1f8000201e800030161000000000000000000d7
:10d208006140790013eeb7000201e80003016100f4
:10d2180000000000000000006140790013eeb70034
:10d228000201e800030161000000000000000000a6
:10d238006140790013eeb7000201e80003016100c4
:10d2480000000000000000006140790013eeb70004
:10d258000201e80003016100000000000000000076
:10d268006140790013eeb7000201e8000301610094
:10d2780000000000000000006140790013eeb700d4
:10d288000201e80003016100000000000000000046
:10d298006140790013eeb7000201e8000301610064
:10d2a80000000000000000006140790013eeb700a4
:10d2b8000201e80003016100000000000000000016
:10d2c8006140790013eeb7000201e8000301610034
:10d2d80000000000000000006140790013eeb70074
:10d2e8000201e800030161000000000000000000e6
:10d2f8006140790013eeb7000201e8000301610004
:10d3080000000000000000006140790013eeb70043
:10d318000201e800030161000000000000000000b5
:10d328006140790013eeb7000201e80003016100d3
:10d3380000000000000000006140790013eeb70013
:10d348000201e80003016100000000000000000085
:10d358006140790013eeb7000201e80003016100a3
:10d3680000000000000000006140790013eeb700e3
:10d378000201e80003016100000000000000000055
:10d388006140790013eeb7000201e8000301610073
:10d3980000000000000000006140790013eeb700b3
:10d3a8000201e80003016100000000000000000025
:10d3b8006140790013eeb7000201e8000301610043
:10d3c80000000000000000006140790013eeb70083
:10d3d8000201e800030161000000000000000000f5
:10d3e8006140790013eeb7000201e8000301610013
:10d3f80000000000000000006140790013eeb70053
:10d408000201e800030161000000000000000000c4
:10d418006140790013eeb7000201e80003016100e2
:10d4280000000000000000006140790013eeb70022
:10d438000201e80003016100000000000000000094
:10d448006140790013eeb7000201e80003016100b2
:10d4580000000000000000006140790013eeb700f2
:10d468000201e80003016100000000000000000064
:10d478006140790013eeb7000201e8000301610082
:10d4880000000000000000006140790013eeb700c2
:10d498000201e80003016100000000000000000034
:10d4a8006140790013eeb7000201e8000301610052
:10d4b80000000000000000006140790013eeb70092
:10d4c8000201e80003016100000000000000000004
:10d4d8006140790013eeb7000201e8000301610022
:10d4e80000000000000000006140790013eeb70062
:10d4f8000201e800030161000000000000000000d4
:10d508006140790013eeb7000201e80003016100f1
:10d5180000000000000000006140790013eeb70031
:10d528000201e800030161000000000000000000a3
:10d538006140790013eeb7000201e80003016100c1
:10d5480000000000000000006140790013eeb70001
:10d558000201e80003016100000000000000000073
:10d568006140790013eeb7000201e8000301610091
:10d5780000000000000000006140790013eeb700d1
:10d588000201e80003016100000000000000000043
:10d598006140790013eeb7000201e8000301610061
:10d5a80000000000000000006140790013eeb700a1
:10d5b8000201e80003016100000000000000000013
:10d5c8006140790013eeb7000201e8000301610031
:10d5d80000000000000000006140790013eeb70071
:10d5e8000201e800030161000000000000000000e3
:10d5f8006140790013eeb7000201e8000301610001
:10d6080000000000000000006140790013eeb70040
:10d618000201e800030161000000000000000000b2
:10d628006140790013eeb7000201e80003016100d0
:10d6380000000000000000006140790013eeb70010
:10d648000201e80003016100000000000000000082
:10d658006140790013eeb7000201e80003016100a0
:10d6680000000000000000006140790013eeb700e0
:10d678000201e80003016100000000000000000052
:10d688006140790013eeb7000201e8000301610070
:10d6980000000000000000006140790013eeb700b0
:10d6a8000201e80003016100000000000000000022
:10d6b8006140790013eeb7000201e8000301610040
:10d6c80000000000000000006140790013eeb70080
:10d6d8000201e800030161000000000000000000f2
:10d6e8006140790013eeb7000201e8000301610010
:10d6f80000000000000000006140790013eeb70050
:10d708000201e800030161000000000000000000c1
:10d718006140790013eeb7000201e80003016100df
:10d7280000000000000000006140790013eeb7001f
:10d738000201e80003016100000000000000000091
:10d748006140790013eeb7000201e80003016100af
:10d7580000000000000000006140790013eeb700ef
:10d768000201e80003016100000000000000000061
:10d778006140790013eeb7000201e800030161007f
:10d7880000000000000000006140790013eeb700bf
:10d798000201e80003016100000000000000000031
:10d7a8006140790013eeb7000201e800030161004f
:10d7b80000000000000000006140790013eeb7008f
:10d7c8000201e80003016100000000000000000001
:10d7d8006140790013eeb7000201e800030161001f
:10d7e80000000000000000006140790013eeb7005f
:10d7f8000201e800030161000000000000000000d1
:10d808006140790013eeb7000201e80003016100ee
:10d8180000000000000000006140790013eeb7002e
:10d828000201e800030161000000000000000000a0
:10d838006140790013eeb7000201e80003016100be
:10d8480000000000000000006140790013eeb700fe
:10d858000201e80003016100000000000000000070
:10d868006140790013eeb7000201e800030161008e
:10d8780000000000000000006140790013eeb700ce
:10d888000201e80003016100000000000000000040
:10d898006140790013eeb7000201e800030161005e
:10d8a80000000000000000006140790013eeb7009e
:10d8b8000201e80003016100000000000000000010
:10d8c8006140790013eeb7000201e800030161002e
:10d8d80000000000000000006140790013eeb7006e
:10d8e8000201e800030161000000000000000000e0
:10d8f8006140790013eeb7000201e80003016100fe
:10d9080000000000000000006140790013eeb7003d
:10d918000201e800030161000000000000000000af
:10d928006140790013eeb7000201e80003016100cd
:10d9380000000000000000006140790013eeb7000d
:10d948000201e8000301610000000000000000007f
:10d958006140790013eeb7000201e800030161009d
:10d9680000000000000000006140790013eeb700dd
:10d978000201e8000301610000000000000000004f
:10d988006140790013eeb7000201e800030161006d
:10d9980000000000000000006140790013eeb700ad
:10d9a8000201e8000301610000000000000000001f
:10d9b8006140790013eeb7000201e800030161003d
:10d9c80000000000000000006140790013eeb7007d
:10d9d8000201e800030161000000000000000000ef
:10d9e8006140790013eeb7000201e800030161000d
:10d9f80000000000000000006140790013eeb7004d
:10da08000201e800030161000000000000000000be
:10da18006140790013eeb7000201e80003016100dc
:10da280000000000000000006140790013eeb7001c
:10da38000201e8000301610000000000000000008e
:10da48006140790013eeb7000201e80003016100ac
:10da580000000000000000006140790013eeb700ec
:10da68000201e8000301610000000000000000005e
:10da78006140790013eeb7000201e800030161007c
:10da880000000000000000006140790013eeb700bc
:10da98000201e8000301610000000000000000002e
:10daa8000000200013eeb7003400f9003200f9003e
:04dab800aef637008f
:020000040000fa
:02000004000af0
:04afe000cdff0000a1
:020000040000fa
:02000004000af0
:04afe400dfff00008b
:020000040000fa
:02000004000af0
:04afe8005fff000007
:020000040000fa
:02000004000af0
:04afec005bff000007
:020000040000fa
:02000004000af0
:04aff00079ff0000e5
:020000040000fa
:02000004000af0
:04aff400ffffff005c
:00000001FF
